key,section,hu_text,de_text,de_status
objektumorzes:seoTitleHu,meta.title,Élőerős objektumőrzés vállalatoknak | Avenir,Objektschutz vor Ort für Unternehmen | Avenir,translated_draft
objektumorzes:seoDescriptionHu,meta.description,"Objektumőrzés beléptetéssel, járőrözéssel, incidenskezeléssel és riportálással. Helyszínre szabott protokollok vállalati helyszínekre.","Objektschutz mit Zutrittskontrolle, Kontrollgängen, Vorfallbearbeitung und Berichtswesen. Standortspezifische Protokolle für Unternehmensstandorte.",translated_draft
objektumorzes:nameHu,hero.h1,Élőerős objektumőrzés,Objektschutz vor Ort,translated_draft
objektumorzes:valuePropositionHu,hero.subhead,"Helyszínre szabott objektumőrzéssel támogatjuk a telephelyek, irodaházak, logisztikai és ipari helyszínek biztonsági rendjét: beléptetés, kiléptetés, járőrözés, incidenskezelés, szolgálati napló és egyeztetett eszkaláció alapján.","Mit standortgerechtem Objektschutz unterstützen wir die Sicherheitsordnung von Betriebsgeländen, Bürogebäuden, Logistik- und Industriestandorten: auf Basis von Zutritts- und Austrittskontrolle, Kontrollgängen, Vorfallbearbeitung, Dienstbuch und abgestimmter Eskalation.",translated_draft
objektumorzes:PILOT_HU.longDesc.body.0,body.1,"Az élőerős objektumőrzés célja nem pusztán az őri jelenlét biztosítása, hanem a helyszínhez igazított vagyonvédelmi rend kialakítása. Avenir a helyszíni felmérés alapján szolgálati utasítást készít: meghatározza a belépési és kilépési pontokat, a látogatók és beszállítók kezelését, a járőrútvonalakat, a kulcskezelési szabályokat, az incidensek dokumentálását és az eszkalációs rendet.","Ziel des Objektschutzes vor Ort ist nicht allein die Präsenz von Sicherheitspersonal, sondern der Aufbau einer auf den Standort zugeschnittenen Sicherheitsordnung. Auf Grundlage einer Begehung vor Ort erstellt Avenir eine Dienstanweisung: Sie legt die Zutritts- und Austrittspunkte, den Umgang mit Besuchern und Lieferanten, die Routen der Kontrollgänge, die Regeln der Schlüsselverwaltung, die Dokumentation von Vorfällen und die Eskalationsordnung fest.",translated_draft
objektumorzes:PILOT_HU.longDesc.body.1,body.2,"A szolgálat összekapcsolható a megrendelő meglévő kamerarendszerével, beléptető rendszerével vagy riasztási folyamatával. A cél, hogy a megrendelő ne csak jelenlétet kapjon, hanem visszakövethető működést: szolgálati naplóval, eseményjelentéssel, rendszeres egyeztetéssel és kijelölt felelős kapcsolattartóval.","Der Dienst kann mit dem vorhandenen Kamerasystem, der Zutrittskontrollanlage oder dem Alarmprozess des Auftraggebers verknüpft werden. Ziel ist, dass der Auftraggeber nicht nur Präsenz erhält, sondern einen nachvollziehbaren Betrieb: mit Dienstbuch, Ereignisberichten, regelmäßiger Abstimmung und einem benannten verantwortlichen Ansprechpartner.",translated_draft
objektumorzes:PILOT_HU.longDesc.body.2,body.3,"A vagyonőri jelenlét a helyszín kockázati profiljához és a szerződéses igényhez igazodik: fegyver nélküli, vagy a jogszabályi feltételek teljesülése esetén fegyveres vagyonőri szolgáltatás is kialakítható. Az Avenir a szolgáltatást az alkalmazandó magyar személy- és vagyonvédelmi szabályozási keret szerint nyújtja.",Die Präsenz des Sicherheitspersonals richtet sich nach dem Risikoprofil des Standorts und dem vertraglichen Bedarf: Es kann ein unbewaffneter oder — bei Erfüllung der gesetzlichen Voraussetzungen — ein bewaffneter Sicherheitsdienst eingerichtet werden. Avenir erbringt die Leistung nach dem anwendbaren ungarischen Regulierungsrahmen für Personen- und Vermögensschutz.,legal_review_required
objektumorzes:hu.serviceDetail.useCasesEyebrow,useCases.eyebrow,KINEK AJÁNLJUK,EMPFOHLEN FÜR,translated_draft
objektumorzes:hu.serviceDetail.useCasesTitle,useCases.title,Kinek jó,Für wen geeignet,translated_draft
objektumorzes:PILOT_HU.useCases.0,useCases.0,"Logisztikai központok, raktárak és teherkapus helyszínek","Logistikzentren, Lager und Standorte mit Lkw-Toren",translated_draft
objektumorzes:PILOT_HU.useCases.1,useCases.1,Ipari és gyártási telephelyek,Industrie- und Produktionsstandorte,translated_draft
objektumorzes:PILOT_HU.useCases.2,useCases.2,Irodaházak és üzleti központok,Bürogebäude und Businesscenter,translated_draft
objektumorzes:PILOT_HU.useCases.3,useCases.3,Kiskereskedelmi és bevásárlóközponti környezet,Einzelhandels- und Einkaufszentrumsumgebungen,translated_draft
objektumorzes:PILOT_HU.useCases.4,useCases.4,"Építési, átmeneti vagy fokozott kockázatú helyszínek",Baustellen sowie temporäre oder erhöht risikobehaftete Standorte,translated_draft
objektumorzes:hu.serviceDetail.includedEyebrow,included.eyebrow,TARTALOM,LEISTUNGSUMFANG,translated_draft
objektumorzes:hu.serviceDetail.includedTitle,included.title,Mit tartalmaz,Was enthalten ist,translated_draft
objektumorzes:PILOT_HU.includedItems.0,includedItems.0,Beléptetési és kiléptetési rend támogatása,Unterstützung der Zutritts- und Austrittsordnung,translated_draft
objektumorzes:PILOT_HU.includedItems.1,includedItems.1,"Látogató-, beszállító- és kulcskezelés","Besucher-, Lieferanten- und Schlüsselverwaltung",translated_draft
objektumorzes:PILOT_HU.includedItems.2,includedItems.2,"Járőrözés, ellenőrzési pontok és területbejárás","Kontrollgänge, Kontrollpunkte und Geländebegehung",translated_draft
objektumorzes:PILOT_HU.includedItems.3,includedItems.3,Incidensek rögzítése és eszkalációja,Erfassung und Eskalation von Vorfällen,translated_draft
objektumorzes:PILOT_HU.includedItems.4,includedItems.4,Szolgálati napló és egyeztetett riportálás,Dienstbuch und abgestimmtes Berichtswesen,translated_draft
objektumorzes:PILOT_HU.includedItems.5,includedItems.5,Helyszíni biztonsági felmérés és protokoll-javaslat,Sicherheitsbegehung vor Ort und Protokollvorschlag,translated_draft
objektumorzes:PILOT_HU.includedItems.6,includedItems.6,"Kapcsolódás meglévő kamerarendszerhez, beléptetőhöz vagy riasztási folyamathoz, ha a helyszín ezt igényli","Anbindung an vorhandene Kamera-, Zutrittskontroll- oder Alarmprozesse, sofern der Standort dies erfordert",translated_draft
objektumorzes:hu.serviceDetail.processEyebrow,process.eyebrow,FOLYAMAT,ABLAUF,translated_draft
objektumorzes:hu.serviceDetail.processTitle,process.title,Hogyan indul az együttműködés,So startet die Zusammenarbeit,translated_draft
objektumorzes:PILOT_HU.processSteps.0.title,processSteps.0.title,Első egyeztetés és igényfelmérés,Erstabstimmung und Bedarfsaufnahme,translated_draft
objektumorzes:PILOT_HU.processSteps.0.body,processSteps.0.body,"A megkeresésre 2 munkanapon belül visszajelzünk, majd rögzítjük az őrzési célt, a helyszín típusát, az időszakot és az elsődleges kockázati pontokat.","Wir melden uns innerhalb von 2 Arbeitstagen auf Ihre Anfrage und erfassen anschließend das Schutzziel, den Standorttyp, den Zeitraum und die wichtigsten Risikopunkte.",translated_draft
objektumorzes:PILOT_HU.processSteps.1.title,processSteps.1.title,Helyszíni felmérés és kockázati pontok áttekintése,Begehung vor Ort und Überblick über die Risikopunkte,translated_draft
objektumorzes:PILOT_HU.processSteps.1.body,processSteps.1.body,A helyszíni bejárás és az alapvető kockázati áttekintés jellemzően 1–3 munkanapon belül megszervezhető.,Die Begehung vor Ort und die grundlegende Risikoübersicht lassen sich in der Regel innerhalb von 1–3 Arbeitstagen organisieren.,translated_draft
objektumorzes:PILOT_HU.processSteps.2.title,processSteps.2.title,"Belépési, kilépési, járőrözési és eszkalációs rend kialakítása","Festlegung der Zutritts-, Austritts-, Kontrollgang- und Eskalationsordnung",translated_draft
objektumorzes:PILOT_HU.processSteps.2.body,processSteps.2.body,"Meghatározzuk a belépési pontokat, a látogatói és beszállítói folyamatot, a járőrútvonalakat és az incidensek jelzési rendjét.","Wir legen die Zutrittspunkte, den Besucher- und Lieferantenprozess, die Routen der Kontrollgänge und die Meldeordnung für Vorfälle fest.",translated_draft
objektumorzes:PILOT_HU.processSteps.3.title,processSteps.3.title,Szolgálati utasítás és riportálási folyamat rögzítése,Festschreibung der Dienstanweisung und des Berichtsprozesses,translated_draft
objektumorzes:PILOT_HU.processSteps.3.body,processSteps.3.body,"Írásban rögzítjük, mit kell dokumentálni, milyen rendszerességű riport készül, és kik kapnak értesítést eltérés vagy incidens esetén.","Wir halten schriftlich fest, was zu dokumentieren ist, in welchem Rhythmus berichtet wird und wer bei Abweichungen oder Vorfällen benachrichtigt wird.",translated_draft
objektumorzes:PILOT_HU.processSteps.4.title,processSteps.4.title,Vagyonőri jelenlét megszervezése,Organisation der Präsenz des Sicherheitspersonals,translated_draft
objektumorzes:PILOT_HU.processSteps.4.body,processSteps.4.body,"A fegyver nélküli vagy fegyveres vagyonőri jelenlétet a szerződéses igény, a jogi feltételek és a helyszín kockázati profilja alapján szervezzük meg.","Die unbewaffnete oder bewaffnete Präsenz des Sicherheitspersonals organisieren wir auf Grundlage des vertraglichen Bedarfs, der rechtlichen Voraussetzungen und des Risikoprofils des Standorts.",legal_review_required
objektumorzes:PILOT_HU.processSteps.5.title,processSteps.5.title,"Rendszeres kapcsolattartás, riportálás és finomhangolás","Regelmäßige Abstimmung, Berichtswesen und Feinjustierung",translated_draft
objektumorzes:PILOT_HU.processSteps.5.body,processSteps.5.body,"A működés közben a szolgálati tapasztalatokat, visszatérő eseményeket és riportokat a kijelölt kapcsolattartóval egyeztetjük.","Im laufenden Betrieb stimmen wir die Erfahrungen aus dem Dienst, wiederkehrende Ereignisse und die Berichte mit dem benannten Ansprechpartner ab.",translated_draft
objektumorzes:hu.serviceDetail.trustEyebrow,trust.eyebrow,MIÉRT BÍZHAT BENNÜNK,WARUM SIE UNS VERTRAUEN KÖNNEN,translated_draft
objektumorzes:hu.serviceDetail.trustTitle,trust.title,Bizalmi elemek,Vertrauenselemente,translated_draft
objektumorzes:PILOT_HU.trustItems.0.title,trustItems.0.title,24/7 diszpécseri háttér,24/7-Leitstelle im Hintergrund,translated_draft
objektumorzes:PILOT_HU.trustItems.0.body,trustItems.0.body,Az objektumőrzési működés 24/7 diszpécseri háttérrel támogatható; az értesítési és eszkalációs rendet az együttműködés elején rögzítjük.,Der Objektschutzbetrieb kann durch eine 24/7-Leitstelle unterstützt werden; die Benachrichtigungs- und Eskalationsordnung legen wir zu Beginn der Zusammenarbeit fest.,translated_draft
objektumorzes:PILOT_HU.trustItems.1.title,trustItems.1.title,Szolgálati napló és eseménykezelés,Dienstbuch und Ereignisbearbeitung,translated_draft
objektumorzes:PILOT_HU.trustItems.1.body,trustItems.1.body,"Szolgálati napló, eseményrögzítés, egyeztetett riportálás és eszkalációs rend segíti a helyszíni kontrollt.","Dienstbuch, Ereigniserfassung, abgestimmtes Berichtswesen und Eskalationsordnung unterstützen die Kontrolle vor Ort.",translated_draft
objektumorzes:PILOT_HU.trustItems.2.title,trustItems.2.title,Egy felelős kapcsolattartó,Ein verantwortlicher Ansprechpartner,translated_draft
objektumorzes:PILOT_HU.trustItems.2.body,trustItems.2.body,"A napi működéshez kijelölt felelős kapcsolattartót adunk, így a megrendelő nem különálló szereplők között egyeztet.","Für den laufenden Betrieb stellen wir einen benannten verantwortlichen Ansprechpartner, sodass der Auftraggeber nicht zwischen getrennten Akteuren koordinieren muss.",translated_draft
objektumorzes:PILOT_HU.trustItems.3.title,trustItems.3.title,ISO 9001 és ISO 27001,ISO 9001 und ISO 27001,translated_draft
objektumorzes:PILOT_HU.trustItems.3.body,trustItems.3.body,"A szolgálati folyamatokat az Avenir ISO 9001 és ISO 27001 tanúsított irányítási rendszerei támogatják, amennyiben az adott folyamatok a tanúsított működési körbe tartoznak.","Die Dienstprozesse werden durch die nach ISO 9001 und ISO 27001 zertifizierten Managementsysteme von Avenir unterstützt, sofern die betreffenden Prozesse in den zertifizierten Geltungsbereich fallen.",translated_draft
objektumorzes:PILOT_HU.trustItems.4.title,trustItems.4.title,Dokumentált helyszíni bevezetés,Dokumentierte Standorteinführung,translated_draft
objektumorzes:PILOT_HU.trustItems.4.body,trustItems.4.body,"A szolgálati utasítás a szolgálat indítása előtt rögzítésre kerül, és a felelős kapcsolattartóval egyeztetjük; tartalmazza a belépési pontokat, járőrútvonalakat, kulcskezelést, incidensrögzítést és eszkalációt.","Die Dienstanweisung wird vor Dienstbeginn festgeschrieben und mit dem verantwortlichen Ansprechpartner abgestimmt; sie umfasst Zutrittspunkte, Kontrollgangrouten, Schlüsselverwaltung, Vorfallerfassung und Eskalation.",translated_draft
objektumorzes:PILOT_HU.trustItems.5.title,trustItems.5.title,Vagyonvédelmi engedély,Genehmigung für Sicherheitsdienstleistungen,translated_draft
objektumorzes:PILOT_HU.trustItems.5.body,trustItems.5.body,Az Avenir az alkalmazandó magyar személy- és vagyonvédelmi szabályozási keret szerint nyújtja a szolgáltatást; az engedélyezési dokumentáció a szerződéses előkészítés során egyeztethető.,Avenir erbringt die Leistung nach dem anwendbaren ungarischen Regulierungsrahmen für Personen- und Vermögensschutz; die Genehmigungsdokumentation kann im Rahmen der Vertragsvorbereitung abgestimmt werden.,legal_review_required
objektumorzes:hu.serviceDetail.faqEyebrow,faq.eyebrow,GYAKORI KÉRDÉSEK,HÄUFIGE FRAGEN,translated_draft
objektumorzes:hu.serviceDetail.faqTitle,faq.title,Mit kérdeznek leggyakrabban,Was am häufigsten gefragt wird,translated_draft
objektumorzes:PILOT_HU.faq.0.q,faq.0.q,Mit tartalmaz az objektumőrzés?,Was umfasst der Objektschutz?,translated_draft
objektumorzes:PILOT_HU.faq.0.a,faq.0.a,"Az objektumőrzés a helyszín igényei szerint magában foglalhatja a beléptetést és kiléptetést, a látogatók és beszállítók kezelését, a járőrözést, a kulcskezelési szabályokat, az incidensek rögzítését, a szolgálati naplót és az egyeztetett riportálást.","Der Objektschutz kann je nach Bedarf des Standorts die Zutritts- und Austrittskontrolle, den Umgang mit Besuchern und Lieferanten, Kontrollgänge, Regeln der Schlüsselverwaltung, die Erfassung von Vorfällen, das Dienstbuch und ein abgestimmtes Berichtswesen umfassen.",translated_draft
objektumorzes:PILOT_HU.faq.1.q,faq.1.q,Mikor szükséges helyszíni biztonsági felmérés?,Wann ist eine Sicherheitsbegehung vor Ort sinnvoll?,translated_draft
objektumorzes:PILOT_HU.faq.1.a,faq.1.a,"Helyszíni biztonsági felmérés különösen akkor hasznos, ha új objektumot kell őrizni, változik a beléptetési rend, nő a teherforgalom, visszatérő incidensek vannak, vagy a meglévő őrzési és technikai folyamatokat szeretnék átláthatóbbá tenni.","Eine Sicherheitsbegehung vor Ort ist besonders dann sinnvoll, wenn ein neues Objekt zu schützen ist, sich die Zutrittsordnung ändert, der Lieferverkehr zunimmt, wiederkehrende Vorfälle auftreten oder die bestehenden Schutz- und Technikprozesse transparenter gestaltet werden sollen.",translated_draft
objektumorzes:PILOT_HU.faq.2.q,faq.2.q,Milyen szerződéses formában érdemes indítani az objektumőrzést?,In welcher Vertragsform sollte der Objektschutz starten?,translated_draft
objektumorzes:PILOT_HU.faq.2.a,faq.2.a,"A megfelelő modell a helyszín méretétől, kockázati profiljától, nyitvatartásától, belépési pontjaitól, járőrözési igényétől, incidenskezelési rendjétől és riportálási elvárásaitól függ. Ezeket az indulás előtt érdemes rögzíteni, hogy a szolgálat a helyszín valós működéséhez igazodjon.","Das passende Modell hängt von der Größe des Standorts, dem Risikoprofil, den Öffnungszeiten, den Zutrittspunkten, dem Bedarf an Kontrollgängen, der Vorfallbearbeitung und den Berichtsanforderungen ab. Diese sollten vor dem Start festgelegt werden, damit sich der Dienst am tatsächlichen Betrieb des Standorts orientiert.",translated_draft
objektumorzes:PILOT_HU.faq.3.q,faq.3.q,Hogyan történik a látogatók és beszállítók beléptetése?,Wie erfolgt die Zutrittskontrolle für Besucher und Lieferanten?,translated_draft
objektumorzes:PILOT_HU.faq.3.a,faq.3.a,"A beléptetési rendet a helyszíni felmérés alapján alakítjuk ki. Meghatározható, ki, mikor, milyen jogosultsággal léphet be, hogyan történik a vendégregisztráció, a beszállítói beléptetés, a teherforgalom kezelése és a kiléptetés dokumentálása.","Die Zutrittsordnung gestalten wir auf Grundlage der Begehung vor Ort. Festgelegt werden kann, wer wann mit welcher Berechtigung Zutritt erhält, wie die Besucherregistrierung, die Zufahrt von Lieferanten, die Abwicklung des Lieferverkehrs und die Dokumentation des Austritts erfolgen.",translated_draft
objektumorzes:PILOT_HU.faq.4.q,faq.4.q,Összeköthető az őrzés kamerarendszerrel vagy beléptető rendszerrel?,Lässt sich der Objektschutz mit Kamera- oder Zutrittskontrollsystemen verbinden?,translated_draft
objektumorzes:PILOT_HU.faq.4.a,faq.4.a,"Igen, ahol erre lehetőség van, az élőerős őrzés összehangolható meglévő kamerarendszerhez, beléptető rendszerhez, riasztási folyamathoz vagy távfelügyeleti működéshez. Így az őri jelenlét és a technikai vagyonvédelem egymást erősítheti.","Ja, wo dies möglich ist, kann der Objektschutz mit vorhandenen Kamerasystemen, Zutrittskontrollanlagen, Alarmprozessen oder einer Fernüberwachung abgestimmt werden. So können personelle Präsenz und technische Sicherheit einander verstärken.",translated_draft
objektumorzes:PILOT_HU.faq.5.q,faq.5.q,Fegyveres őrzés is kérhető?,Ist auch ein bewaffneter Dienst möglich?,translated_draft
objektumorzes:PILOT_HU.faq.5.a,faq.5.a,"A helyszín kockázati profiljától, a szerződéses igénytől és a jogi feltételek teljesülésétől függően fegyver nélküli vagy fegyveres vagyonőri jelenlét is kialakítható.","Abhängig vom Risikoprofil des Standorts, dem vertraglichen Bedarf und der Erfüllung der rechtlichen Voraussetzungen kann eine unbewaffnete oder bewaffnete Präsenz des Sicherheitspersonals eingerichtet werden.",legal_review_required
objektumorzes:PILOT_HU.faq.6.q,faq.6.q,Rendelkezik az Avenir a szükséges vagyonvédelmi engedéllyel?,Verfügt Avenir über die erforderliche Genehmigung für Sicherheitsdienstleistungen?,translated_draft
objektumorzes:PILOT_HU.faq.6.a,faq.6.a,Igen. Az élőerős objektumőrzés az alkalmazandó magyar személy- és vagyonvédelmi szabályozási keret szerint történik. Az engedélyre és a vagyonőri állomány engedélyezési dokumentációjára vonatkozó információk a szerződéses előkészítés során egyeztethetők.,Ja. Der Objektschutz vor Ort erfolgt nach dem anwendbaren ungarischen Regulierungsrahmen für Personen- und Vermögensschutz. Informationen zur Genehmigung und zur Genehmigungsdokumentation des Sicherheitspersonals können im Rahmen der Vertragsvorbereitung abgestimmt werden.,legal_review_required
objektumorzes:PILOT_HU.faq.7.q,faq.7.q,Van-e 24/7 háttértámogatás?,Gibt es eine 24/7-Unterstützung im Hintergrund?,translated_draft
objektumorzes:PILOT_HU.faq.7.a,faq.7.a,"Igen, az objektumőrzési szolgáltatás 24/7 diszpécseri háttérrel támogatható, az eszkalációs és értesítési rendet pedig az együttműködés elején rögzítjük.","Ja, der Objektschutz kann durch eine 24/7-Leitstelle unterstützt werden; die Eskalations- und Benachrichtigungsordnung legen wir zu Beginn der Zusammenarbeit fest.",translated_draft
objektumorzes:PILOT_HU.faq.8.q,faq.8.q,Mi történik incidens esetén?,Was geschieht bei einem Vorfall?,translated_draft
objektumorzes:PILOT_HU.faq.8.a,faq.8.a,"Az incidenskezelést egyeztetett eszkalációs rend alapján alakítjuk ki. Ez meghatározza, milyen eseményt kell rögzíteni, kit kell értesíteni, milyen sorrendben történik a jelzés, és hogyan kerül dokumentálásra az eset.","Die Vorfallbearbeitung gestalten wir auf Grundlage einer abgestimmten Eskalationsordnung. Diese legt fest, welche Ereignisse zu erfassen sind, wer zu benachrichtigen ist, in welcher Reihenfolge gemeldet wird und wie der Fall dokumentiert wird.",translated_draft
objektumorzes:PILOT_HU.faq.9.q,faq.9.q,Kapunk-e szolgálati naplót vagy incidensriportot?,Erhalten wir ein Dienstbuch oder einen Vorfallbericht?,translated_draft
objektumorzes:PILOT_HU.faq.9.a,faq.9.a,"Igen, a szolgáltatás része lehet szolgálati napló, eseményrögzítés és egyeztetett riportálás. A pontos riportformátumot az együttműködés elején rögzítjük, hogy a megrendelő naprakész információt kapjon a helyszíni működésről.","Ja, Bestandteil der Leistung können Dienstbuch, Ereigniserfassung und ein abgestimmtes Berichtswesen sein. Das genaue Berichtsformat legen wir zu Beginn der Zusammenarbeit fest, damit der Auftraggeber stets aktuelle Informationen über den Betrieb vor Ort erhält.",translated_draft
objektumorzes:hu.serviceDetail.relatedEyebrow,related.eyebrow,MÉG AZ AVENIRTŐL,WEITERES VON AVENIR,translated_draft
objektumorzes:hu.serviceDetail.relatedTitle,related.title,Kapcsolódó szolgáltatások,Verwandte Leistungen,translated_draft
objektumorzes:related.0.portaszolgalat.nameHu,related.0.title,Recepciós és portaszolgálat,Empfangs- und Pförtnerdienst,translated_draft
objektumorzes:related.0.portaszolgalat.shortDescHu,related.0.description,"Recepciós és portaszolgálat látogatók, beszállítók, munkatársak, kulcsok, csomagok, naplózás és egyeztetett eszkaláció kezelésére.","Empfangs- und Pförtnerdienst für Besucher, Lieferanten, Mitarbeiter, Schlüssel, Pakete, Protokollierung und abgestimmte Eskalation.",translated_draft
objektumorzes:related.1.biztonsagtechnika.nameHu,related.1.title,Biztonságtechnika,Sicherheitstechnik,translated_draft
objektumorzes:related.1.biztonsagtechnika.shortDescHu,related.1.description,"Biztonságtechnika kamerarendszerhez, beléptetéshez és riasztási folyamatokhoz, helyszínre szabott biztonsági modellbe illesztve, adatvédelmi szempontokat beépítő technikai tervezéssel.","Sicherheitstechnik für Kamerasysteme, Zutrittskontrolle und Alarmprozesse, eingebettet in ein standortgerechtes Sicherheitsmodell, mit technischer Planung, die Datenschutzaspekte einbezieht.",translated_draft
objektumorzes:related.2.tavfelugyelet-vonuloszolgalat.nameHu,related.2.title,Távfelügyelet és vonulószolgálat,Fernüberwachung und Interventionsdienst,translated_draft
objektumorzes:related.2.tavfelugyelet-vonuloszolgalat.shortDescHu,related.2.description,"Távfelügyelet és vonulószolgálat jelzésfogadással, riasztás-verifikációval, eszkalációval, eseménynaplózással és egyeztetett reagálási folyamattal.","Fernüberwachung und Interventionsdienst mit Alarmempfang, Alarmverifikation, Eskalation, Ereignisprotokollierung und abgestimmtem Reaktionsprozess.",translated_draft
objektumorzes:related.3.mystery-shopping-helyszini-audit.nameHu,related.3.title,Próbavásárlás és szolgáltatásaudit,Mystery Shopping und Serviceaudit,translated_draft
objektumorzes:related.3.mystery-shopping-helyszini-audit.shortDescHu,related.3.description,"Próbavásárlás és szolgáltatásaudit valós ügyfél- és működési helyzetekben, strukturált megfigyeléssel, riportálással és fejlesztési javaslatokkal.","Mystery Shopping und Serviceaudit in realen Kunden- und Betriebssituationen, mit strukturierter Beobachtung, Berichtswesen und Verbesserungsempfehlungen.",translated_draft
objektumorzes:related.4.rendezvenybiztositas.nameHu,related.4.title,Rendezvénybiztosítás,Veranstaltungssicherheit,translated_draft
objektumorzes:related.4.rendezvenybiztositas.shortDescHu,related.4.description,"Rendezvénybiztosítás vállalati, zártkörű és nyilvános eseményekre, beléptetéssel, közönségáramlás-támogatással, zónakezeléssel, incidensrögzítéssel és szervezői eszkalációval.","Veranstaltungssicherheit für Firmen-, geschlossene und öffentliche Veranstaltungen, mit Zutrittskontrolle, Unterstützung der Besucherströme, Zonenmanagement, Vorfallerfassung und Eskalation an die Veranstaltungsleitung.",translated_draft
objektumorzes:serviceDetail.hero.cta,cta.hero,Ajánlatkérés,Angebot anfordern,translated_draft
objektumorzes:SERVICE_QUOTE_COPY.hu.button,cta.embedded.collapsedButton,Ajánlatkérés,Angebot anfordern,translated_draft
portaszolgalat:seoTitleHu,meta.title,Recepciós és portaszolgálat vállalatoknak | Avenir,Empfangs- und Pförtnerdienst für Unternehmen | Avenir,translated_draft
portaszolgalat:seoDescriptionHu,meta.description,"Portaszolgálat beléptetéssel, vendégkezeléssel, kulcskezeléssel és naplózott napi folyamattal irodaházaknak és vállalati helyszíneknek.","Pförtnerdienst mit Zutrittskontrolle, Besuchermanagement, Schlüsselverwaltung und protokolliertem Tagesablauf für Bürogebäude und Unternehmensstandorte.",translated_draft
portaszolgalat:nameHu,hero.h1,Recepciós és portaszolgálat,Empfangs- und Pförtnerdienst,translated_draft
portaszolgalat:valuePropositionHu,hero.subhead,"A recepciós és portaszolgálat az első működési pont, ahol a látogatók, beszállítók, munkatársak és bérlők találkoznak a helyszín szabályaival. Avenir célja, hogy ez a pont rendezett, udvarias, visszakövethető és biztonsági szempontból következetes legyen.","Der Empfangs- und Pförtnerdienst ist der erste Betriebspunkt, an dem Besucher, Lieferanten, Mitarbeiter und Mieter auf die Regeln des Standorts treffen. Ziel von Avenir ist, dass dieser Punkt geordnet, zuvorkommend, nachvollziehbar und sicherheitsseitig konsequent funktioniert.",translated_draft
portaszolgalat:PILOT_HU.longDesc.body.0,body.1,"A portaszolgálat nem egyszerű jelenlét a bejáratnál: a napi működés egyik legfontosabb kontrollpontja. A szolgáltatás a helyszín igényei szerint támogathatja a látogatók fogadását, a vendégregisztrációt, a beszállítók és alvállalkozók beléptetését, a kulcskezelést, a csomagok átvételét, az információadást és a rendkívüli események jelzését.","Der Pförtnerdienst ist keine bloße Präsenz am Eingang, sondern einer der wichtigsten Kontrollpunkte des täglichen Betriebs. Die Leistung kann je nach Bedarf des Standorts den Empfang von Besuchern, die Besucherregistrierung, die Zutrittskontrolle von Lieferanten und Nachunternehmern, die Schlüsselverwaltung, die Annahme von Paketen, die Auskunftserteilung und die Meldung außergewöhnlicher Ereignisse unterstützen.",translated_draft
portaszolgalat:PILOT_HU.longDesc.body.1,body.2,"Avenir a helyszíni felmérés alapján rögzíti a portaszolgálati és recepciós protokollt: ki léphet be, milyen jogosultsággal, milyen dokumentáció mellett, mikor szükséges értesítés, és milyen eseményt kell naplózni vagy eszkalálni. Látogató- és beléptetési adatok kezelésekor a célhoz kötöttség, az időben korlátozott megőrzés és a megfelelő tájékoztatás szempontjai is részei a porta- és recepciós folyamatnak.","Auf Grundlage einer Begehung vor Ort legt Avenir das Pförtner- und Empfangsprotokoll fest: wer mit welcher Berechtigung und mit welcher Dokumentation Zutritt erhält, wann eine Benachrichtigung erforderlich ist und welche Ereignisse zu protokollieren oder zu eskalieren sind. Bei der Verarbeitung von Besucher- und Zutrittsdaten sind auch die Zweckbindung, die zeitlich begrenzte Aufbewahrung und die angemessene Information Bestandteil des Empfangs- und Pförtnerprozesses.",legal_review_required
portaszolgalat:PILOT_HU.longDesc.body.2,body.3,"A portaszolgálat kapcsolódhat élőerős objektumőrzéshez, beléptető rendszerhez, kamerarendszerhez vagy belső üzemeltetési folyamathoz. A megrendelő egyértelmű szolgálati keretet kap: szolgálati naplóval, egyeztetett riportálással és kijelölt felelős kapcsolattartóval.","Der Pförtnerdienst kann an den Objektschutz vor Ort, an Zutrittskontroll- oder Kamerasysteme oder an interne Betriebsprozesse angebunden werden. Der Auftraggeber erhält einen klaren Dienstrahmen: mit Dienstbuch, abgestimmtem Berichtswesen und einem benannten verantwortlichen Ansprechpartner.",translated_draft
portaszolgalat:hu.serviceDetail.useCasesEyebrow,useCases.eyebrow,KINEK AJÁNLJUK,EMPFOHLEN FÜR,translated_draft
portaszolgalat:hu.serviceDetail.useCasesTitle,useCases.title,Kinek jó,Für wen geeignet,translated_draft
portaszolgalat:PILOT_HU.useCases.0,useCases.0,Irodaházak és üzleti központok recepciós működése,Empfangsbetrieb von Bürogebäuden und Businesscentern,translated_draft
portaszolgalat:PILOT_HU.useCases.1,useCases.1,Logisztikai és ipari telephelyek porta- és beléptetési pontjai,Pforten- und Zutrittspunkte von Logistik- und Industriestandorten,translated_draft
portaszolgalat:PILOT_HU.useCases.2,useCases.2,"Bérlői, munkatársi és látogatói forgalmat kezelő helyszínek","Standorte mit Mieter-, Mitarbeiter- und Besucherverkehr",translated_draft
portaszolgalat:PILOT_HU.useCases.3,useCases.3,"Beszállítói, futár- és teherforgalommal érintett objektumok","Objekte mit Lieferanten-, Kurier- und Lieferverkehr",translated_draft
portaszolgalat:PILOT_HU.useCases.4,useCases.4,"Olyan vállalati helyszínek, ahol fontos a rendezett első benyomás és a szabályozott beléptetés","Unternehmensstandorte, an denen ein geordneter erster Eindruck und eine geregelte Zutrittskontrolle wichtig sind",translated_draft
portaszolgalat:hu.serviceDetail.includedEyebrow,included.eyebrow,TARTALOM,LEISTUNGSUMFANG,translated_draft
portaszolgalat:hu.serviceDetail.includedTitle,included.title,Mit tartalmaz,Was enthalten ist,translated_draft
portaszolgalat:PILOT_HU.includedItems.0,includedItems.0,Látogatók és vendégek fogadása,Empfang von Besuchern und Gästen,translated_draft
portaszolgalat:PILOT_HU.includedItems.1,includedItems.1,Vendégregisztráció és beléptetési rend támogatása,Besucherregistrierung und Unterstützung der Zutrittsordnung,translated_draft
portaszolgalat:PILOT_HU.includedItems.2,includedItems.2,"Beszállítók, futárok és alvállalkozók kezelése","Betreuung von Lieferanten, Kurieren und Nachunternehmern",translated_draft
portaszolgalat:PILOT_HU.includedItems.3,includedItems.3,Kulcskezelési és kiadási szabályok követése,Einhaltung der Regeln für Schlüsselverwaltung und -ausgabe,translated_draft
portaszolgalat:PILOT_HU.includedItems.4,includedItems.4,Csomagátvétel és információtovábbítás egyeztetett rend szerint,Paketannahme und Informationsweitergabe nach abgestimmter Ordnung,translated_draft
portaszolgalat:PILOT_HU.includedItems.5,includedItems.5,"Szolgálati napló, eseményrögzítés és riportálás","Dienstbuch, Ereigniserfassung und Berichtswesen",translated_draft
portaszolgalat:PILOT_HU.includedItems.6,includedItems.6,"Kapcsolódás beléptető rendszerhez vagy belső üzemeltetési folyamathoz, ha a helyszín ezt igényli","Anbindung an Zutrittskontrollsysteme oder interne Betriebsprozesse, sofern der Standort dies erfordert",translated_draft
portaszolgalat:hu.serviceDetail.processEyebrow,process.eyebrow,FOLYAMAT,ABLAUF,translated_draft
portaszolgalat:hu.serviceDetail.processTitle,process.title,Hogyan indul az együttműködés,So startet die Zusammenarbeit,translated_draft
portaszolgalat:PILOT_HU.processSteps.0.title,processSteps.0.title,Első egyeztetés és működési igényfelmérés,Erstabstimmung und Aufnahme des Betriebsbedarfs,translated_draft
portaszolgalat:PILOT_HU.processSteps.0.body,processSteps.0.body,"A megkeresésre 2 munkanapon belül visszajelzünk, majd rögzítjük a helyszín típusát, a látogatói forgalmat, a portapontok számát és a kapcsolódó biztonsági vagy üzemeltetési elvárásokat.","Wir melden uns innerhalb von 2 Arbeitstagen auf Ihre Anfrage und erfassen anschließend den Standorttyp, das Besucheraufkommen, die Anzahl der Pfortenpunkte und die zugehörigen Sicherheits- oder Betriebsanforderungen.",translated_draft
portaszolgalat:PILOT_HU.processSteps.1.title,processSteps.1.title,Helyszíni bejárás és forgalmi pontok áttekintése,Begehung vor Ort und Überblick über die Verkehrspunkte,translated_draft
portaszolgalat:PILOT_HU.processSteps.1.body,processSteps.1.body,"Áttekintjük a bejáratokat, recepciós vagy portapontokat, beléptetési helyzeteket, kulcskezelési igényeket és a rendszeres beszállítói vagy vendégforgalmat.","Wir prüfen die Eingänge, Empfangs- und Pfortenpunkte, Zutrittssituationen, den Bedarf an Schlüsselverwaltung sowie den regelmäßigen Lieferanten- und Besucherverkehr.",translated_draft
portaszolgalat:PILOT_HU.processSteps.2.title,processSteps.2.title,Portaszolgálati és recepciós protokoll kialakítása,Gestaltung des Pförtner- und Empfangsprotokolls,translated_draft
portaszolgalat:PILOT_HU.processSteps.2.body,processSteps.2.body,"Meghatározzuk a vendégfogadás, beléptetés, kulcskiadás, csomagátvétel, értesítés és eseményrögzítés napi rendjét.","Wir legen den Tagesablauf für Gästeempfang, Zutrittskontrolle, Schlüsselausgabe, Paketannahme, Benachrichtigung und Ereigniserfassung fest.",translated_draft
portaszolgalat:PILOT_HU.processSteps.3.title,processSteps.3.title,Szolgálati utasítás és riportálási rend rögzítése,Festschreibung der Dienstanweisung und der Berichtsordnung,translated_draft
portaszolgalat:PILOT_HU.processSteps.3.body,processSteps.3.body,"Írásban rögzítjük a dokumentálandó eseményeket, a riportformátumot, az eszkalációs pontokat és a kijelölt kapcsolattartókat.","Wir halten schriftlich fest, welche Ereignisse zu dokumentieren sind, in welchem Format berichtet wird, wo die Eskalationspunkte liegen und wer als Ansprechpartner benannt ist.",translated_draft
portaszolgalat:PILOT_HU.processSteps.4.title,processSteps.4.title,Személyzet megszervezése és betanítás,Organisation des Personals und Einarbeitung,translated_draft
portaszolgalat:PILOT_HU.processSteps.4.body,processSteps.4.body,"A szolgálatot a szerződéses igények, a helyszíni protokoll és a napi forgalom alapján szervezzük meg, betanítással és indulási egyeztetéssel.","Den Dienst organisieren wir auf Grundlage der vertraglichen Anforderungen, des Standortprotokolls und des täglichen Verkehrsaufkommens, mit Einarbeitung und Abstimmung zum Start.",translated_draft
portaszolgalat:PILOT_HU.processSteps.5.title,processSteps.5.title,Rendszeres egyeztetés és finomhangolás,Regelmäßige Abstimmung und Feinjustierung,translated_draft
portaszolgalat:PILOT_HU.processSteps.5.body,processSteps.5.body,"A működési tapasztalatokat, visszatérő kérdéseket és riportokat a kijelölt felelős kapcsolattartóval egyeztetjük.","Die Betriebserfahrungen, wiederkehrenden Fragen und Berichte stimmen wir mit dem benannten verantwortlichen Ansprechpartner ab.",translated_draft
portaszolgalat:hu.serviceDetail.trustEyebrow,trust.eyebrow,MIÉRT BÍZHAT BENNÜNK,WARUM SIE UNS VERTRAUEN KÖNNEN,translated_draft
portaszolgalat:hu.serviceDetail.trustTitle,trust.title,Bizalmi elemek,Vertrauenselemente,translated_draft
portaszolgalat:PILOT_HU.trustItems.0.title,trustItems.0.title,Napi szolgálati rend és naplózás,Tägliche Dienstordnung und Protokollierung,translated_draft
portaszolgalat:PILOT_HU.trustItems.0.body,trustItems.0.body,"Szolgálati napló, vendégkezelési rend, eseményrögzítés és egyeztetett riportálás segíti a portaszolgálati kontrollt.","Dienstbuch, Besuchermanagement, Ereigniserfassung und abgestimmtes Berichtswesen unterstützen die Kontrolle des Pförtnerdienstes.",translated_draft
portaszolgalat:PILOT_HU.trustItems.1.title,trustItems.1.title,Kijelölt felelős kapcsolattartó,Benannter verantwortlicher Ansprechpartner,translated_draft
portaszolgalat:PILOT_HU.trustItems.1.body,trustItems.1.body,"A megrendelő egy felelős kapcsolattartóval egyeztethet a napi működésről, a riportokról és a szükséges protokoll-módosításokról.","Der Auftraggeber stimmt sich mit einem verantwortlichen Ansprechpartner über den laufenden Betrieb, die Berichte und notwendige Protokollanpassungen ab.",translated_draft
portaszolgalat:PILOT_HU.trustItems.2.title,trustItems.2.title,24/7 diszpécseri háttér,24/7-Leitstelle im Hintergrund,translated_draft
portaszolgalat:PILOT_HU.trustItems.2.body,trustItems.2.body,A portaszolgálati működés 24/7 diszpécseri háttérrel támogatható; az értesítési és eszkalációs rendet az együttműködés elején rögzítjük.,Der Pförtnerbetrieb kann durch eine 24/7-Leitstelle unterstützt werden; die Benachrichtigungs- und Eskalationsordnung legen wir zu Beginn der Zusammenarbeit fest.,translated_draft
portaszolgalat:PILOT_HU.trustItems.3.title,trustItems.3.title,ISO 9001 és ISO 27001,ISO 9001 und ISO 27001,translated_draft
portaszolgalat:PILOT_HU.trustItems.3.body,trustItems.3.body,"A szolgálati folyamatokat az Avenir ISO 9001 és ISO 27001 tanúsított irányítási rendszerei támogatják, amennyiben az adott folyamatok a tanúsított működési körbe tartoznak.","Die Dienstprozesse werden durch die nach ISO 9001 und ISO 27001 zertifizierten Managementsysteme von Avenir unterstützt, sofern die betreffenden Prozesse in den zertifizierten Geltungsbereich fallen.",translated_draft
portaszolgalat:PILOT_HU.trustItems.4.title,trustItems.4.title,Látogatóadat-kezelési szempontok figyelembevétele,Berücksichtigung der Besucherdaten-Aspekte,translated_draft
portaszolgalat:PILOT_HU.trustItems.4.body,trustItems.4.body,"A látogatói és beléptetési adatok kezelésekor figyelembe kell venni a célhoz kötöttséget, a tájékoztatást és az időben korlátozott megőrzést.","Bei der Verarbeitung von Besucher- und Zutrittsdaten sind die Zweckbindung, die Information der Betroffenen und die zeitlich begrenzte Aufbewahrung zu berücksichtigen.",legal_review_required
portaszolgalat:PILOT_HU.trustItems.5.title,trustItems.5.title,Vendégfogadás és beléptetési kontroll egy folyamatban,Gästeempfang und Zutrittskontrolle in einem Ablauf,translated_draft
portaszolgalat:PILOT_HU.trustItems.5.body,trustItems.5.body,"A recepciós és portaszolgálati protokollok az udvarias látogatókezelést kontrollált beléptetéssel, eszkalációval és riportálással kapcsolják össze, így a front-of-house működés és a biztonsági rutinok ugyanazon helyszíni szabályok szerint működnek.","Die Empfangs- und Pförtnerprotokolle verbinden den zuvorkommenden Umgang mit Besuchern mit kontrollierter Zutrittskontrolle, Eskalation und Berichtswesen, sodass der Empfangsbetrieb und die Sicherheitsroutinen denselben Standortregeln folgen.",translated_draft
portaszolgalat:hu.serviceDetail.faqEyebrow,faq.eyebrow,GYAKORI KÉRDÉSEK,HÄUFIGE FRAGEN,translated_draft
portaszolgalat:hu.serviceDetail.faqTitle,faq.title,Mit kérdeznek leggyakrabban,Was am häufigsten gefragt wird,translated_draft
portaszolgalat:PILOT_HU.faq.0.q,faq.0.q,Mit tartalmaz a recepciós és portaszolgálat?,Was umfasst der Empfangs- und Pförtnerdienst?,translated_draft
portaszolgalat:PILOT_HU.faq.0.a,faq.0.a,"A szolgáltatás a helyszín igényei szerint tartalmazhat vendégfogadást, vendégregisztrációt, beléptetési támogatást, beszállítók és futárok kezelését, kulcskezelést, csomagátvételt, szolgálati naplót és egyeztetett riportálást.","Die Leistung kann je nach Bedarf des Standorts den Gästeempfang, die Besucherregistrierung, die Unterstützung der Zutrittskontrolle, die Betreuung von Lieferanten und Kurieren, die Schlüsselverwaltung, die Paketannahme, das Dienstbuch und ein abgestimmtes Berichtswesen umfassen.",translated_draft
portaszolgalat:PILOT_HU.faq.1.q,faq.1.q,Mikor érdemes portaszolgálati felmérést kérni?,Wann ist eine Aufnahme des Pförtnerdienstes vor Ort sinnvoll?,translated_draft
portaszolgalat:PILOT_HU.faq.1.a,faq.1.a,"A felmérés akkor különösen hasznos, ha nő a látogatói vagy beszállítói forgalom, változik a beléptetési rend, több szereplő használja ugyanazt az objektumot, vagy rendezettebb naplózásra és felelősségi rendre van szükség.","Die Aufnahme ist besonders dann sinnvoll, wenn das Besucher- oder Lieferantenaufkommen zunimmt, sich die Zutrittsordnung ändert, mehrere Parteien dasselbe Objekt nutzen oder eine geordnetere Protokollierung und Verantwortungsstruktur benötigt wird.",translated_draft
portaszolgalat:PILOT_HU.faq.2.q,faq.2.q,Miben különbözik a portaszolgálat az objektumőrzéstől?,Worin unterscheidet sich der Pförtnerdienst vom Objektschutz?,translated_draft
portaszolgalat:PILOT_HU.faq.2.a,faq.2.a,"A portaszolgálat elsősorban a bejárati, recepciós és napi forgalomkezelési pontokra koncentrál, míg az objektumőrzés szélesebb vagyonvédelmi jelenlétet, járőrözést és incidenskezelést is jelenthet. A két szolgáltatás szükség esetén összehangolható.","Der Pförtnerdienst konzentriert sich vor allem auf die Eingangs-, Empfangs- und täglichen Verkehrspunkte, während der Objektschutz eine breitere Sicherheitspräsenz mit Kontrollgängen und Vorfallbearbeitung bedeuten kann. Beide Leistungen lassen sich bei Bedarf aufeinander abstimmen.",translated_draft
portaszolgalat:PILOT_HU.faq.3.q,faq.3.q,Kezelhető-e a beszállítói és futárforgalom?,Kann der Lieferanten- und Kurierverkehr abgewickelt werden?,translated_draft
portaszolgalat:PILOT_HU.faq.3.a,faq.3.a,"Igen, a beszállítói, futár- és alvállalkozói beléptetés rendjét a helyszíni felmérés alapján alakítjuk ki. Meghatározható, milyen adatokat kell rögzíteni, kit kell értesíteni, és hogyan történjen a ki- és beléptetés naplózása.","Ja, die Ordnung für die Zutrittskontrolle von Lieferanten, Kurieren und Nachunternehmern gestalten wir auf Grundlage der Begehung vor Ort. Festgelegt werden kann, welche Daten zu erfassen sind, wer zu benachrichtigen ist und wie Ein- und Austritt protokolliert werden.",translated_draft
portaszolgalat:PILOT_HU.faq.4.q,faq.4.q,Van-e kulcskezelés?,Gibt es eine Schlüsselverwaltung?,translated_draft
portaszolgalat:PILOT_HU.faq.4.a,faq.4.a,"Igen, a szolgáltatás része lehet kulcskezelési rend követése, kulcskiadás és kulcsvisszavétel rögzítése. A pontos szabályokat az együttműködés elején, helyszínre szabottan rögzítjük.","Ja, Bestandteil der Leistung können die Einhaltung der Schlüsselordnung sowie die Erfassung von Schlüsselausgabe und -rücknahme sein. Die genauen Regeln legen wir zu Beginn der Zusammenarbeit standortspezifisch fest.",translated_draft
portaszolgalat:PILOT_HU.faq.5.q,faq.5.q,Összeköthető-e beléptető rendszerrel?,Ist eine Anbindung an Zutrittskontrollsysteme möglich?,translated_draft
portaszolgalat:PILOT_HU.faq.5.a,faq.5.a,"Igen, ahol erre lehetőség van, a portaszolgálat kapcsolódhat meglévő beléptető rendszerhez, kamerarendszerhez vagy belső üzemeltetési folyamathoz.","Ja, wo dies möglich ist, kann der Pförtnerdienst an vorhandene Zutrittskontroll- oder Kamerasysteme oder an interne Betriebsprozesse angebunden werden.",translated_draft
portaszolgalat:PILOT_HU.faq.6.q,faq.6.q,Hogyan kezelhetők a látogatóadatok a porta- és recepciós folyamatban?,Wie können Besucherdaten im Pforten- und Empfangsprozess verarbeitet werden?,translated_draft
portaszolgalat:PILOT_HU.faq.6.a,faq.6.a,"A látogatóadatok kezelésekor a célhoz kötöttség, az időben korlátozott megőrzés, a látogatói tájékoztatás, a beléptetési kontextus és a helyszín saját szabályai a meghatározók. A pontos adatköröket és megőrzési rendet a megrendelői elvárásokkal és a helyszíni adatkezelési szabályokkal összhangban kell kialakítani.","Bei der Verarbeitung von Besucherdaten sind die Zweckbindung, die zeitlich begrenzte Aufbewahrung, die Information der Besucher, der Zutrittskontext und die standorteigenen Regeln maßgeblich. Die genauen Datenkategorien und die Aufbewahrungsordnung sind im Einklang mit den Anforderungen des Auftraggebers und den Datenschutzregeln des Standorts festzulegen.",legal_review_required
portaszolgalat:PILOT_HU.faq.7.q,faq.7.q,Kapunk-e riportot a napi működésről?,Erhalten wir Berichte über den laufenden Betrieb?,translated_draft
portaszolgalat:PILOT_HU.faq.7.a,faq.7.a,"Igen, a portaszolgálati működéshez szolgálati napló, eseményrögzítés és egyeztetett riportálás kapcsolódhat. A pontos riportformátumot a megrendelői igény és a helyszín működése alapján rögzítjük.","Ja, der Pförtnerbetrieb kann mit Dienstbuch, Ereigniserfassung und abgestimmtem Berichtswesen verbunden werden. Das genaue Berichtsformat legen wir auf Grundlage der Anforderungen des Auftraggebers und des Standortbetriebs fest.",translated_draft
portaszolgalat:hu.serviceDetail.relatedEyebrow,related.eyebrow,MÉG AZ AVENIRTŐL,WEITERES VON AVENIR,translated_draft
portaszolgalat:hu.serviceDetail.relatedTitle,related.title,Kapcsolódó szolgáltatások,Verwandte Leistungen,translated_draft
portaszolgalat:related.0.objektumorzes.nameHu,related.0.title,Élőerős objektumőrzés,Objektschutz vor Ort,translated_draft
portaszolgalat:related.0.objektumorzes.shortDescHu,related.0.description,"Élőerős objektumőrzés beléptetéssel, járőrözéssel, incidenskezeléssel, szolgálati naplóval és egyeztetett eszkalációs renddel.","Objektschutz vor Ort mit Zutrittskontrolle, Kontrollgängen, Vorfallbearbeitung, Dienstbuch und abgestimmter Eskalationsordnung.",translated_draft
portaszolgalat:related.1.biztonsagtechnika.nameHu,related.1.title,Biztonságtechnika,Sicherheitstechnik,translated_draft
portaszolgalat:related.1.biztonsagtechnika.shortDescHu,related.1.description,"Biztonságtechnika kamerarendszerhez, beléptetéshez és riasztási folyamatokhoz, helyszínre szabott biztonsági modellbe illesztve, adatvédelmi szempontokat beépítő technikai tervezéssel.","Sicherheitstechnik für Kamerasysteme, Zutrittskontrolle und Alarmprozesse, eingebettet in ein standortgerechtes Sicherheitsmodell, mit technischer Planung, die Datenschutzaspekte einbezieht.",translated_draft
portaszolgalat:related.2.mystery-shopping-helyszini-audit.nameHu,related.2.title,Próbavásárlás és szolgáltatásaudit,Mystery Shopping und Serviceaudit,translated_draft
portaszolgalat:related.2.mystery-shopping-helyszini-audit.shortDescHu,related.2.description,"Próbavásárlás és szolgáltatásaudit valós ügyfél- és működési helyzetekben, strukturált megfigyeléssel, riportálással és fejlesztési javaslatokkal.","Mystery Shopping und Serviceaudit in realen Kunden- und Betriebssituationen, mit strukturierter Beobachtung, Berichtswesen und Verbesserungsempfehlungen.",translated_draft
portaszolgalat:related.3.soft-fm.nameHu,related.3.title,Soft FM,Soft FM,translated_draft
portaszolgalat:related.3.soft-fm.shortDescHu,related.3.description,"Soft FM takarítási, kertészeti, higiéniai, hulladékkezelési támogatási és szolgáltatókezelési feladatokra, egyeztetett scope-pal, minőségellenőrzéssel és írásos riportálással.","Soft FM für Reinigung, Grünpflege, Hygiene, Unterstützung bei der Abfallentsorgung und Dienstleistersteuerung, mit vereinbartem Leistungsumfang, Qualitätskontrolle und schriftlichem Berichtswesen.",translated_draft
portaszolgalat:serviceDetail.hero.cta,cta.hero,Ajánlatkérés,Angebot anfordern,translated_draft
portaszolgalat:SERVICE_QUOTE_COPY.hu.button,cta.embedded.collapsedButton,Ajánlatkérés,Angebot anfordern,translated_draft
mystery-shopping-helyszini-audit:seoTitleHu,meta.title,Próbavásárlás és szolgáltatásaudit | Avenir,Mystery Shopping und Serviceaudit | Avenir,translated_draft
mystery-shopping-helyszini-audit:seoDescriptionHu,meta.description,"Mystery Shopping, brand audit, próbautazás és szolgáltatásaudit ügyfélélmény, folyamatkövetés és megfelelési szempontok vizsgálatára.","Mystery Shopping, Brand Audit, Testfahrt und Serviceaudit zur Prüfung von Kundenerlebnis, Prozesstreue und Compliance-Aspekten.",translated_draft
mystery-shopping-helyszini-audit:nameHu,hero.h1,Próbavásárlás és szolgáltatásaudit,Mystery Shopping und Serviceaudit,translated_draft
mystery-shopping-helyszini-audit:valuePropositionHu,hero.subhead,"A próbavásárlás és szolgáltatásaudit valós ügyfélhelyzetben mutatja meg, mit tapasztal az ügyfél, követik-e az elvárt folyamatot, teljesülnek-e a brand-, tájékoztatási és szolgáltatási szabályok, és hol jelenik meg minőségi, reputációs vagy megfelelési kockázat.","Mystery Shopping und Serviceaudit zeigen in realen Kundensituationen, was der Kunde erlebt, ob der vorgesehene Prozess eingehalten wird, ob Marken-, Informations- und Servicestandards erfüllt werden und wo Qualitäts-, Reputations- oder Compliance-Risiken sichtbar werden.",translated_draft
mystery-shopping-helyszini-audit:PILOT_HU.longDesc.body.0,body.1,"A Mystery Shopping nem egyszerű ellenőrzés, hanem megtervezett és dokumentált szolgáltatásminőség-mérés. Az Avenir az ügyféllel egyeztetve rögzíti az audit scope-ját, kialakítja a forgatókönyvet és az értékelési szempontokat, betanítja az értékelőt, majd valós ügyfélhelyzetben végzi el a vizsgálatot: vásárlást, ügyintézést, helyszíni látogatást, próbautazást vagy más ügyfélkapcsolati pontot.","Mystery Shopping ist keine einfache Kontrolle, sondern eine geplante und dokumentierte Messung der Servicequalität. Avenir legt in Abstimmung mit dem Auftraggeber den Prüfumfang des Audits fest, entwickelt das Szenario und die Bewertungskriterien, schult den Tester und führt die Prüfung anschließend in einer realen Kundensituation durch: als Testkauf, Geschäftsvorgang, Standortbesuch, Testfahrt oder an einem anderen Kundenkontaktpunkt.",translated_draft
mystery-shopping-helyszini-audit:PILOT_HU.longDesc.body.1,body.2,"A vizsgálat scope-ja rögzíti, milyen szolgáltatási pontokat, folyamatlépéseket, brand standardokat, kommunikációs elvárásokat, tájékoztatási kötelezettségeket vagy megfelelési szempontokat kell vizsgálni. A cél nem az öncélú hibakeresés, hanem az, hogy a vezetés pontos, strukturált képet kapjon a tényleges ügyfélélményről.","Der Prüfumfang legt fest, welche Servicepunkte, Prozessschritte, Markenstandards, Kommunikationsanforderungen, Informationspflichten oder Compliance-Aspekte zu prüfen sind. Ziel ist nicht die Fehlersuche um ihrer selbst willen, sondern dass die Geschäftsleitung ein genaues, strukturiertes Bild vom tatsächlichen Kundenerlebnis erhält.",translated_draft
mystery-shopping-helyszini-audit:PILOT_HU.longDesc.body.2,body.3,"A szolgáltatás több formában is alkalmazható. A Brand Audit az arculati, vizuális, tisztasági, hangulati és szolgáltatási standardokat vizsgálja. A Situation Shopping konkrét ügyfélhelyzeteket, kérdéseket, konfliktusokat vagy folyamatlépéseket tesztel. A szolgáltatásaudit vagy próbautazás pedig egy teljes ügyfélutat vizsgálhat, például személyszállítási, ügyfélszolgálati vagy helyszíni kiszolgálási folyamatban.","Die Leistung ist in mehreren Formen einsetzbar. Das Brand Audit prüft Erscheinungsbild, visuelle Standards, Sauberkeit, Atmosphäre und Servicestandards. Das Situation Shopping testet konkrete Kundensituationen, Fragen, Konflikte oder Prozessschritte. Das Serviceaudit oder die Testfahrt kann eine vollständige Customer Journey untersuchen, etwa in Personenbeförderungs-, Kundenservice- oder Vor-Ort-Bedienprozessen.",translated_draft
mystery-shopping-helyszini-audit:PILOT_HU.longDesc.body.3,body.4,"Az Avenir strukturált riportot készít a megfigyelésekről, visszatérő mintákról, kockázati pontokról és fejlesztési javaslatokról. Az eredményeket az ügyféllel közösen áttekintjük, hogy azok támogassák a szolgáltatásminőséggel, folyamatfejlesztéssel és egyeztetett kontrollpontokkal kapcsolatos döntéseket.","Avenir erstellt einen strukturierten Bericht über Beobachtungen, wiederkehrende Muster, Risikopunkte und Verbesserungsempfehlungen. Die Ergebnisse besprechen wir gemeinsam mit dem Auftraggeber, damit sie Entscheidungen zu Servicequalität, Prozessverbesserung und abgestimmten Kontrollpunkten unterstützen.",translated_draft
mystery-shopping-helyszini-audit:hu.serviceDetail.useCasesEyebrow,useCases.eyebrow,KINEK AJÁNLJUK,EMPFOHLEN FÜR,translated_draft
mystery-shopping-helyszini-audit:hu.serviceDetail.useCasesTitle,useCases.title,Kinek jó,Für wen geeignet,translated_draft
mystery-shopping-helyszini-audit:PILOT_HU.useCases.0,useCases.0,"Próbavásárlás üzletekben, szolgáltatási pontokon vagy ügyfélszolgálati helyzetekben","Testkäufe in Geschäften, an Servicepunkten oder in Kundenservicesituationen",translated_draft
mystery-shopping-helyszini-audit:PILOT_HU.useCases.1,useCases.1,"Próbautazás taxi, személyszállítási vagy közlekedési szolgáltatás esetén","Testfahrten bei Taxi-, Personenbeförderungs- oder Verkehrsdienstleistungen",translated_draft
mystery-shopping-helyszini-audit:PILOT_HU.useCases.2,useCases.2,"Brand Audit: arculat, tisztaság, vizuális megjelenés és szolgáltatási standardok ellenőrzése","Brand Audit: Prüfung von Erscheinungsbild, Sauberkeit, visueller Präsenz und Servicestandards",translated_draft
mystery-shopping-helyszini-audit:PILOT_HU.useCases.3,useCases.3,"Situation Shopping: konkrét ügyfélhelyzetek, kérdések vagy konfliktushelyzetek tesztelése","Situation Shopping: Test konkreter Kundensituationen, Fragen oder Konfliktsituationen",translated_draft
mystery-shopping-helyszini-audit:PILOT_HU.useCases.4,useCases.4,Ügyfélút és látogatói élmény vizsgálata,Untersuchung der Customer Journey und des Besuchererlebnisses,translated_draft
mystery-shopping-helyszini-audit:PILOT_HU.useCases.5,useCases.5,"Tájékoztatási, árkommunikációs, számlázási, nyugtaadási vagy más megfelelési szempontok vizsgálata egyeztetett scope alapján","Prüfung von Informations-, Preiskommunikations-, Rechnungs-, Belegausgabe- oder anderen Compliance-Aspekten nach vereinbartem Prüfumfang",translated_draft
mystery-shopping-helyszini-audit:PILOT_HU.useCases.6,useCases.6,"Több helyszín, szolgáltató vagy egység összehasonlítható auditja","Vergleichbares Audit mehrerer Standorte, Dienstleister oder Einheiten",translated_draft
mystery-shopping-helyszini-audit:hu.serviceDetail.includedEyebrow,included.eyebrow,TARTALOM,LEISTUNGSUMFANG,translated_draft
mystery-shopping-helyszini-audit:hu.serviceDetail.includedTitle,included.title,Mit tartalmaz,Was enthalten ist,translated_draft
mystery-shopping-helyszini-audit:PILOT_HU.includedItems.0,includedItems.0,"Audit cél, scope és értékelési szempontok egyeztetése","Abstimmung von Auditziel, Prüfumfang und Bewertungskriterien",translated_draft
mystery-shopping-helyszini-audit:PILOT_HU.includedItems.1,includedItems.1,"Próbavásárlási, próbautazási vagy ügyfélút-forgatókönyv kialakítása","Entwicklung des Testkauf-, Testfahrt- oder Customer-Journey-Szenarios",translated_draft
mystery-shopping-helyszini-audit:PILOT_HU.includedItems.2,includedItems.2,Brand Audit vagy Situation Shopping módszertan kiválasztása,Auswahl der Methodik: Brand Audit oder Situation Shopping,translated_draft
mystery-shopping-helyszini-audit:PILOT_HU.includedItems.3,includedItems.3,Valós ügyfélhelyzetben történő szolgáltatásminőség-mérés,Messung der Servicequalität in realer Kundensituation,translated_draft
mystery-shopping-helyszini-audit:PILOT_HU.includedItems.4,includedItems.4,"Ügyfélút, kommunikáció, folyamatkövetés és kiszolgálás értékelése","Bewertung von Customer Journey, Kommunikation, Prozesstreue und Bedienung",translated_draft
mystery-shopping-helyszini-audit:PILOT_HU.includedItems.5,includedItems.5,Egyeztetett megfelelési szempontok vizsgálata,Prüfung vereinbarter Compliance-Aspekte,translated_draft
mystery-shopping-helyszini-audit:PILOT_HU.includedItems.6,includedItems.6,"Eltérések, kockázatok és fejlesztési pontok dokumentálása","Dokumentation von Abweichungen, Risiken und Verbesserungspunkten",translated_draft
mystery-shopping-helyszini-audit:PILOT_HU.includedItems.7,includedItems.7,Strukturált riport és vezetői összefoglaló,Strukturierter Bericht und Management-Zusammenfassung,translated_draft
mystery-shopping-helyszini-audit:hu.serviceDetail.processEyebrow,process.eyebrow,FOLYAMAT,ABLAUF,translated_draft
mystery-shopping-helyszini-audit:hu.serviceDetail.processTitle,process.title,Hogyan indul az együttműködés,So startet die Zusammenarbeit,translated_draft
mystery-shopping-helyszini-audit:PILOT_HU.processSteps.0.title,processSteps.0.title,Audit cél és scope egyeztetése,Abstimmung von Auditziel und Prüfumfang,translated_draft
mystery-shopping-helyszini-audit:PILOT_HU.processSteps.0.body,processSteps.0.body,"Rögzítjük, milyen üzleti, szolgáltatásminőségi vagy megfelelési kérdésre kell választ adnia az auditnak, és pontosan milyen folyamatok tartoznak a vizsgálatba.","Wir legen fest, welche geschäftliche, servicequalitäts- oder compliance-bezogene Frage das Audit beantworten soll und welche Prozesse genau Gegenstand der Prüfung sind.",translated_draft
mystery-shopping-helyszini-audit:PILOT_HU.processSteps.1.title,processSteps.1.title,Értékelési szempontok és forgatókönyv kialakítása,Entwicklung der Bewertungskriterien und des Szenarios,translated_draft
mystery-shopping-helyszini-audit:PILOT_HU.processSteps.1.body,processSteps.1.body,"Meghatározzuk a mérési pontokat, a brand standardokat, a kommunikációs és tájékoztatási elvárásokat, valamint a próbavásárlási, próbautazási vagy ügyfélút-forgatókönyvet.","Wir definieren die Messpunkte, die Markenstandards, die Kommunikations- und Informationsanforderungen sowie das Testkauf-, Testfahrt- oder Customer-Journey-Szenario.",translated_draft
mystery-shopping-helyszini-audit:PILOT_HU.processSteps.2.title,processSteps.2.title,"Brand Audit, Situation Shopping, próbavásárlás vagy próbautazás elvégzése","Durchführung von Brand Audit, Situation Shopping, Testkauf oder Testfahrt",translated_draft
mystery-shopping-helyszini-audit:PILOT_HU.processSteps.2.body,processSteps.2.body,"Az audit a jóváhagyott scope szerint, valós ügyfélhelyzetben történik, a szolgáltatási folyamat, az ügyfélélmény és az előre rögzített megfelelési pontok mérésére fókuszálva.","Das Audit erfolgt nach dem freigegebenen Prüfumfang in realer Kundensituation, mit Fokus auf die Messung des Serviceprozesses, des Kundenerlebnisses und der vorab festgelegten Compliance-Punkte.",translated_draft
mystery-shopping-helyszini-audit:PILOT_HU.processSteps.3.title,processSteps.3.title,"Tapasztalatok, eltérések és megfelelési pontok dokumentálása","Dokumentation von Erfahrungen, Abweichungen und Compliance-Punkten",translated_draft
mystery-shopping-helyszini-audit:PILOT_HU.processSteps.3.body,processSteps.3.body,"A tapasztalatokat strukturált módon rögzítjük: mi történt az ügyfélút során, mi felelt meg az elvárt működésnek, hol volt eltérés, és milyen kockázat vagy javítási pont jelent meg.","Die Erfahrungen halten wir strukturiert fest: was während der Customer Journey geschehen ist, was dem erwarteten Ablauf entsprach, wo es Abweichungen gab und welche Risiken oder Verbesserungspunkte sichtbar wurden.",translated_draft
mystery-shopping-helyszini-audit:PILOT_HU.processSteps.4.title,processSteps.4.title,"Riport, vezetői összefoglaló és fejlesztési javaslatok elkészítése","Erstellung von Bericht, Management-Zusammenfassung und Verbesserungsempfehlungen",translated_draft
mystery-shopping-helyszini-audit:PILOT_HU.processSteps.4.body,processSteps.4.body,"Az eredményeket vezetői szinten is áttekinthető riportba rendezzük, amely tartalmazhat megfelelési megállapításokat, visszatérő mintákat és konkrét fejlesztési javaslatokat.","Die Ergebnisse fassen wir in einem auch auf Führungsebene gut lesbaren Bericht zusammen, der Compliance-Feststellungen, wiederkehrende Muster und konkrete Verbesserungsempfehlungen enthalten kann.",translated_draft
mystery-shopping-helyszini-audit:PILOT_HU.processSteps.5.title,processSteps.5.title,Eredmények egyeztetése és következő lépések meghatározása,Besprechung der Ergebnisse und Festlegung der nächsten Schritte,translated_draft
mystery-shopping-helyszini-audit:PILOT_HU.processSteps.5.body,processSteps.5.body,"Az audit eredményeit közösen áttekintjük, hogy a megrendelő dönteni tudjon protokollmódosításról, képzésről, brand standard pontosításról vagy további mérésről.","Die Auditergebnisse besprechen wir gemeinsam, damit der Auftraggeber über Protokollanpassungen, Schulungen, die Präzisierung von Markenstandards oder weitere Messungen entscheiden kann.",translated_draft
mystery-shopping-helyszini-audit:hu.serviceDetail.trustEyebrow,trust.eyebrow,MIÉRT BÍZHAT BENNÜNK,WARUM SIE UNS VERTRAUEN KÖNNEN,translated_draft
mystery-shopping-helyszini-audit:hu.serviceDetail.trustTitle,trust.title,Bizalmi elemek,Vertrauenselemente,translated_draft
mystery-shopping-helyszini-audit:PILOT_HU.trustItems.0.title,trustItems.0.title,Végrehajtás előtt meghatározott scope,Vor der Durchführung festgelegter Prüfumfang,translated_draft
mystery-shopping-helyszini-audit:PILOT_HU.trustItems.0.body,trustItems.0.body,"Az audit célját, forgatókönyvét, szempontjait és riportálási formáját a végrehajtás előtt egyeztetni kell, hogy a megfigyelések a meghatározott szolgáltatásminőségi scope keretein belül maradjanak.","Ziel, Szenario, Kriterien und Berichtsform des Audits sind vor der Durchführung abzustimmen, damit die Beobachtungen innerhalb des festgelegten servicequalitätsbezogenen Prüfumfangs bleiben.",translated_draft
mystery-shopping-helyszini-audit:PILOT_HU.trustItems.1.title,trustItems.1.title,Semleges ügyfélút-megfigyelés,Neutrale Beobachtung der Customer Journey,translated_draft
mystery-shopping-helyszini-audit:PILOT_HU.trustItems.1.body,trustItems.1.body,"A vizsgálat azt rögzíti, hogyan jelennek meg az egyeztetett szolgáltatási lépések, brand elvárások és ügyfélút-pontok valós ügyfélhelyzetben, felügyeleti vagy fegyelmi keretezés nélkül.","Die Prüfung erfasst, wie sich die vereinbarten Serviceschritte, Markenanforderungen und Customer-Journey-Punkte in realen Kundensituationen darstellen — ohne aufsichtsrechtliche oder disziplinarische Rahmung.",translated_draft
mystery-shopping-helyszini-audit:PILOT_HU.trustItems.2.title,trustItems.2.title,Strukturált riport és ügyféloldali egyeztetés,Strukturierter Bericht und Abstimmung mit dem Auftraggeber,translated_draft
mystery-shopping-helyszini-audit:PILOT_HU.trustItems.2.body,trustItems.2.body,"Az Avenir strukturált riportot készít megfigyelésekkel, visszatérő mintákkal, kockázati pontokkal és fejlesztési javaslatokkal, majd a megállapításokat a megrendelővel áttekinti a szolgáltatásminőségi döntések támogatására.","Avenir erstellt einen strukturierten Bericht mit Beobachtungen, wiederkehrenden Mustern, Risikopunkten und Verbesserungsempfehlungen und bespricht die Feststellungen mit dem Auftraggeber zur Unterstützung von Servicequalitätsentscheidungen.",translated_draft
mystery-shopping-helyszini-audit:PILOT_HU.trustItems.3.title,trustItems.3.title,Több helyszín összehasonlítható képe,Vergleichbares Bild mehrerer Standorte,translated_draft
mystery-shopping-helyszini-audit:PILOT_HU.trustItems.3.body,trustItems.3.body,"Ugyanaz a forgatókönyv több helyszínen vagy szolgáltatónál is megismételhető a szolgáltatási konzisztencia, folyamatbeli eltérések és visszatérő fejlesztési pontok összevetésére.","Dasselbe Szenario kann an mehreren Standorten oder bei mehreren Dienstleistern wiederholt werden, um Servicekonsistenz, Prozessabweichungen und wiederkehrende Verbesserungspunkte zu vergleichen.",translated_draft
mystery-shopping-helyszini-audit:PILOT_HU.trustItems.4.title,trustItems.4.title,Célhoz kötött és bizalmas riportálás,Zweckgebundene und vertrauliche Berichterstattung,translated_draft
mystery-shopping-helyszini-audit:PILOT_HU.trustItems.4.body,trustItems.4.body,A riportálás az egyeztetett scope-ra és a kijelölt megrendelői áttekintési folyamatra korlátozódik. Az egyes munkatársakra vonatkozó adatok szerepeltetése nem alapértelmezett jelentési elem; ilyen tartalom csak előzetesen egyeztetett adatvédelmi keretek között jelenhet meg.,Die Berichterstattung beschränkt sich auf den vereinbarten Prüfumfang und den festgelegten Überprüfungsprozess des Auftraggebers. Angaben zu einzelnen Mitarbeitern sind kein standardmäßiger Berichtsbestandteil; solche Inhalte können nur innerhalb vorab vereinbarter Datenschutzrahmen erscheinen.,legal_review_required
mystery-shopping-helyszini-audit:hu.serviceDetail.faqEyebrow,faq.eyebrow,GYAKORI KÉRDÉSEK,HÄUFIGE FRAGEN,translated_draft
mystery-shopping-helyszini-audit:hu.serviceDetail.faqTitle,faq.title,Mit kérdeznek leggyakrabban,Was am häufigsten gefragt wird,translated_draft
mystery-shopping-helyszini-audit:PILOT_HU.faq.0.q,faq.0.q,Mit tartalmaz a Mystery Shopping és szolgáltatásaudit?,Was umfasst Mystery Shopping und Serviceaudit?,translated_draft
mystery-shopping-helyszini-audit:PILOT_HU.faq.0.a,faq.0.a,"A szolgáltatás az audit céljának, scope-jának és értékelési szempontjainak rögzítéséből, a próbavásárlási vagy ügyfélút-forgatókönyv kialakításából, a valós ügyfélhelyzetben történő megfigyelésből és a strukturált riport elkészítéséből áll.","Die Leistung besteht aus der Festlegung von Auditziel, Prüfumfang und Bewertungskriterien, der Entwicklung des Testkauf- oder Customer-Journey-Szenarios, der Beobachtung in realer Kundensituation und der Erstellung eines strukturierten Berichts.",translated_draft
mystery-shopping-helyszini-audit:PILOT_HU.faq.1.q,faq.1.q,"Hogyan határozzuk meg az audit scope-ját, és hogyan tartjuk a vizsgálatot az egyeztetett keretek között?","Wie wird der Prüfumfang festgelegt, und wie bleibt die Prüfung im vereinbarten Rahmen?",translated_draft
mystery-shopping-helyszini-audit:PILOT_HU.faq.1.a,faq.1.a,"Az audit scope-ja a végrehajtás előtt kerül meghatározásra. Az Avenir előre rögzíti a célt, a forgatókönyvet, a vizsgálati szempontokat, a riportálási formát és a megengedett megfigyelési pontokat. A megállapítások az egyeztetett szolgáltatási kritériumokhoz és fejlesztési célokhoz kapcsolódnak, nem jogi következtetésként vagy fegyelmi bizonyítékként jelennek meg.","Der Prüfumfang wird vor der Durchführung festgelegt. Avenir definiert vorab das Ziel, das Szenario, die Prüfkriterien, die Berichtsform und die zulässigen Beobachtungspunkte. Die Feststellungen beziehen sich auf die vereinbarten Servicekriterien und Verbesserungsziele und erscheinen nicht als rechtliche Schlussfolgerung oder disziplinarischer Beweis.",legal_review_required
mystery-shopping-helyszini-audit:PILOT_HU.faq.2.q,faq.2.q,Mi vizsgálható a szolgáltatásaudit során?,Was kann im Rahmen des Serviceaudits geprüft werden?,translated_draft
mystery-shopping-helyszini-audit:PILOT_HU.faq.2.a,faq.2.a,"Az audit vizsgálhat brand audit szempontokat, Situation Shopping forgatókönyveket, ügyfélút-lépéseket, szolgáltatásminőségi kritériumokat, egyeztetett megfelelési pontokat és több helyszín közötti konzisztenciát. Példák lehetnek a kommunikáció, tájékoztatás, kiszolgálás, számlázási vagy nyugtaadási folyamatok, ha ezek az egyeztetett scope részét képezik.","Das Audit kann Brand-Audit-Aspekte, Situation-Shopping-Szenarien, Customer-Journey-Schritte, Servicequalitätskriterien, vereinbarte Compliance-Punkte und die Konsistenz zwischen mehreren Standorten prüfen. Beispiele sind Kommunikation, Information, Bedienung sowie Rechnungs- oder Belegausgabeprozesse, sofern sie Teil des vereinbarten Prüfumfangs sind.",translated_draft
mystery-shopping-helyszini-audit:PILOT_HU.faq.3.q,faq.3.q,Készül riport az eredményekről?,Wird ein Bericht über die Ergebnisse erstellt?,translated_draft
mystery-shopping-helyszini-audit:PILOT_HU.faq.3.a,faq.3.a,"Igen. Avenir strukturált riportot készít a megfigyelt folyamatról, az eltérésekről, visszatérő mintákról, kockázati pontokról és fejlesztési javaslatokról az egyeztetett scope szerint.","Ja. Avenir erstellt einen strukturierten Bericht über den beobachteten Prozess, die Abweichungen, wiederkehrenden Muster, Risikopunkte und Verbesserungsempfehlungen nach dem vereinbarten Prüfumfang.",translated_draft
mystery-shopping-helyszini-audit:PILOT_HU.faq.4.q,faq.4.q,Név szerint szerepelnek a munkatársak a jelentésben?,Werden Mitarbeiter im Bericht namentlich genannt?,translated_draft
mystery-shopping-helyszini-audit:PILOT_HU.faq.4.a,faq.4.a,"A jelentés alapértelmezés szerint folyamat- és szolgáltatásminőségi fókuszú. Név szerinti vagy személyes adatot érintő megjelenítés csak előzetesen egyeztetett keretek között, az alkalmazandó adatvédelmi követelményekkel összhangban történhet.",Der Bericht ist standardmäßig prozess- und servicequalitätsorientiert. Eine namentliche oder personenbezogene Darstellung kann nur innerhalb vorab vereinbarter Rahmen und im Einklang mit den anwendbaren Datenschutzanforderungen erfolgen.,legal_review_required
mystery-shopping-helyszini-audit:PILOT_HU.faq.5.q,faq.5.q,Megismételhető ugyanaz a forgatókönyv több helyszínen?,Kann dasselbe Szenario an mehreren Standorten wiederholt werden?,translated_draft
mystery-shopping-helyszini-audit:PILOT_HU.faq.5.a,faq.5.a,"Igen, egységes forgatókönyv és értékelési szempontok alapján több helyszín, szolgáltató, egység vagy időszak is összehasonlítható. Ez segít az eltérések, visszatérő minták és fejlesztési prioritások azonosításában.","Ja, auf Grundlage eines einheitlichen Szenarios und einheitlicher Bewertungskriterien können mehrere Standorte, Dienstleister, Einheiten oder Zeiträume verglichen werden. Das hilft, Abweichungen, wiederkehrende Muster und Verbesserungsprioritäten zu erkennen.",translated_draft
mystery-shopping-helyszini-audit:PILOT_HU.faq.6.q,faq.6.q,Alkalmazható közlekedési vagy szolgáltatási ügyfélútra?,Ist die Methode auf Verkehrs- oder Service-Customer-Journeys anwendbar?,translated_draft
mystery-shopping-helyszini-audit:PILOT_HU.faq.6.a,faq.6.a,"Igen. Próbautazás vagy szolgáltatási ügyfélút keretében vizsgálható például a tájékoztatás, a kiszolgálás, a számlázási vagy nyugtaadási folyamat, a viselkedési protokoll és az előre meghatározott szolgáltatási vagy megfelelési szempontok teljesülése.","Ja. Im Rahmen einer Testfahrt oder einer Service-Customer-Journey können beispielsweise Information, Bedienung, Rechnungs- oder Belegausgabeprozesse, Verhaltensprotokolle und die Erfüllung vorab festgelegter Service- oder Compliance-Kriterien geprüft werden.",translated_draft
mystery-shopping-helyszini-audit:PILOT_HU.faq.7.q,faq.7.q,Mi a különbség a Mystery Shopping és a magánnyomozás között?,Worin unterscheidet sich Mystery Shopping von einer Privatermittlung?,translated_draft
mystery-shopping-helyszini-audit:PILOT_HU.faq.7.a,faq.7.a,"A Mystery Shopping és szolgáltatásaudit szolgáltatásminőséget, folyamatkövetést, ügyfélutat és egyeztetett megfelelési pontokat mér egy meghatározott scope alapján. Nem magánnyomozás, nem korlátlan megfigyelés, nem bizonyítékgyűjtés és nem fegyelmi automatizmus.","Mystery Shopping und Serviceaudit messen Servicequalität, Prozesstreue, Customer Journey und vereinbarte Compliance-Punkte auf Grundlage eines festgelegten Prüfumfangs. Es handelt sich nicht um Privatermittlung, nicht um unbegrenzte Beobachtung, nicht um Beweiserhebung und nicht um einen disziplinarischen Automatismus.",legal_review_required
mystery-shopping-helyszini-audit:hu.serviceDetail.relatedEyebrow,related.eyebrow,MÉG AZ AVENIRTŐL,WEITERES VON AVENIR,translated_draft
mystery-shopping-helyszini-audit:hu.serviceDetail.relatedTitle,related.title,Kapcsolódó szolgáltatások,Verwandte Leistungen,translated_draft
mystery-shopping-helyszini-audit:related.0.portaszolgalat.nameHu,related.0.title,Recepciós és portaszolgálat,Empfangs- und Pförtnerdienst,translated_draft
mystery-shopping-helyszini-audit:related.0.portaszolgalat.shortDescHu,related.0.description,"Recepciós és portaszolgálat látogatók, beszállítók, munkatársak, kulcsok, csomagok, naplózás és egyeztetett eszkaláció kezelésére.","Empfangs- und Pförtnerdienst für Besucher, Lieferanten, Mitarbeiter, Schlüssel, Pakete, Protokollierung und abgestimmte Eskalation.",translated_draft
mystery-shopping-helyszini-audit:related.1.soft-fm.nameHu,related.1.title,Soft FM,Soft FM,translated_draft
mystery-shopping-helyszini-audit:related.1.soft-fm.shortDescHu,related.1.description,"Soft FM takarítási, kertészeti, higiéniai, hulladékkezelési támogatási és szolgáltatókezelési feladatokra, egyeztetett scope-pal, minőségellenőrzéssel és írásos riportálással.","Soft FM für Reinigung, Grünpflege, Hygiene, Unterstützung bei der Abfallentsorgung und Dienstleistersteuerung, mit vereinbartem Leistungsumfang, Qualitätskontrolle und schriftlichem Berichtswesen.",translated_draft
mystery-shopping-helyszini-audit:related.2.rendezvenybiztositas.nameHu,related.2.title,Rendezvénybiztosítás,Veranstaltungssicherheit,translated_draft
mystery-shopping-helyszini-audit:related.2.rendezvenybiztositas.shortDescHu,related.2.description,"Rendezvénybiztosítás vállalati, zártkörű és nyilvános eseményekre, beléptetéssel, közönségáramlás-támogatással, zónakezeléssel, incidensrögzítéssel és szervezői eszkalációval.","Veranstaltungssicherheit für Firmen-, geschlossene und öffentliche Veranstaltungen, mit Zutrittskontrolle, Unterstützung der Besucherströme, Zonenmanagement, Vorfallerfassung und Eskalation an die Veranstaltungsleitung.",translated_draft
mystery-shopping-helyszini-audit:related.3.objektumorzes.nameHu,related.3.title,Élőerős objektumőrzés,Objektschutz vor Ort,translated_draft
mystery-shopping-helyszini-audit:related.3.objektumorzes.shortDescHu,related.3.description,"Élőerős objektumőrzés beléptetéssel, járőrözéssel, incidenskezeléssel, szolgálati naplóval és egyeztetett eszkalációs renddel.","Objektschutz vor Ort mit Zutrittskontrolle, Kontrollgängen, Vorfallbearbeitung, Dienstbuch und abgestimmter Eskalationsordnung.",translated_draft
mystery-shopping-helyszini-audit:serviceDetail.hero.cta,cta.hero,Ajánlatkérés,Angebot anfordern,translated_draft
mystery-shopping-helyszini-audit:SERVICE_QUOTE_COPY.hu.button,cta.embedded.collapsedButton,Ajánlatkérés,Angebot anfordern,translated_draft
rendezvenybiztositas:seoTitleHu,meta.title,Rendezvénybiztosítás | Avenir,Veranstaltungssicherheit | Avenir,translated_draft
rendezvenybiztositas:seoDescriptionHu,meta.description,"Rendezvénybiztosítás beléptetéssel, vendég- és közönségáramlás támogatásával, zónakezeléssel, incidensjelzéssel és szervezői kapcsolattartással.","Veranstaltungssicherheit mit Zutrittskontrolle, Unterstützung der Gäste- und Besucherströme, Zonenmanagement, Vorfallmeldung und Kontakt zur Veranstaltungsleitung.",translated_draft
rendezvenybiztositas:nameHu,hero.h1,Rendezvénybiztosítás,Veranstaltungssicherheit,translated_draft
rendezvenybiztositas:valuePropositionHu,hero.subhead,"A rendezvénybiztosítás célja, hogy a beléptetés, a vendég- és közönségáramlás, a zónakezelés, a konfliktusmegelőzés és az incidenskezelés vállalati, zártkörű és nyilvános eseményeken is egyeztetett keretben működjön.","Ziel der Veranstaltungssicherheit ist, dass Zutrittskontrolle, Gäste- und Besucherströme, Zonenmanagement, Konfliktprävention und Vorfallbearbeitung bei Firmen-, geschlossenen und öffentlichen Veranstaltungen in einem abgestimmten Rahmen funktionieren.",translated_draft
rendezvenybiztositas:PILOT_HU.longDesc.body.0,body.1,"A rendezvénybiztosítás nem kizárólag vállalati vagy zártkörű eseményekre vonatkozik. A rendezvény jellegétől függően az Avenir támogatja a beléptetést, a vendég- vagy közönségáramlás kezelését, a zárt területek és zónák kezelését, a peremterületek felügyeleti rendjét, a konfliktusmegelőzést, az incidensrögzítést és a szervező által meghatározott eszkalációs folyamatot.","Veranstaltungssicherheit beschränkt sich nicht auf Firmen- oder geschlossene Veranstaltungen. Je nach Charakter der Veranstaltung unterstützt Avenir die Zutrittskontrolle, die Lenkung der Gäste- oder Besucherströme, das Management geschlossener Bereiche und Zonen, die Überwachungsordnung der Randbereiche, die Konfliktprävention, die Vorfallerfassung und den von der Veranstaltungsleitung festgelegten Eskalationsprozess.",translated_draft
rendezvenybiztositas:PILOT_HU.longDesc.body.1,body.2,"A vállalati és zártkörű eseményeknél ide tartozhatnak konferenciák, üzleti találkozók, kiállítások, termékbemutatók, VIP-, backstage- vagy más zárt területek. Nyilvános eseményeknél, fesztiváloknál, koncerteknél, sporteseményeknél és kulturális programoknál a hangsúly a közönségáramlás, a több belépési pont, a zónák és a szervezői kapcsolattartási lánc egyeztetett működésére kerül.","Bei Firmen- und geschlossenen Veranstaltungen können dazu Konferenzen, Geschäftstreffen, Ausstellungen, Produktpräsentationen sowie VIP-, Backstage- oder andere geschlossene Bereiche gehören. Bei öffentlichen Veranstaltungen, Festivals, Konzerten, Sportveranstaltungen und Kulturprogrammen liegt der Schwerpunkt auf dem abgestimmten Zusammenspiel von Besucherströmen, mehreren Zutrittspunkten, Zonen und der Kontaktkette zur Veranstaltungsleitung.",translated_draft
rendezvenybiztositas:PILOT_HU.longDesc.body.2,body.3,"A cél nem az, hogy általános garanciát adjunk minden helyzetre, hanem hogy a rendezvény ideje alatt átlátható biztonsági keret működjön: beléptetés támogatásával, vendég- vagy közönségáramlás kezelésével, konfliktusmegelőző jelenléttel, incidensrögzítéssel, eszkalációs renddel és rendezvényzáró visszajelzéssel.","Ziel ist nicht, eine allgemeine Garantie für jede Situation zu geben, sondern dass während der Veranstaltung ein transparenter Sicherheitsrahmen funktioniert: mit Unterstützung der Zutrittskontrolle, Lenkung der Gäste- oder Besucherströme, konfliktpräventiver Präsenz, Vorfallerfassung, Eskalationsordnung und einer Rückmeldung zum Veranstaltungsabschluss.",translated_draft
rendezvenybiztositas:hu.serviceDetail.useCasesEyebrow,useCases.eyebrow,KINEK AJÁNLJUK,EMPFOHLEN FÜR,translated_draft
rendezvenybiztositas:hu.serviceDetail.useCasesTitle,useCases.title,Kinek jó,Für wen geeignet,translated_draft
rendezvenybiztositas:PILOT_HU.useCases.0,useCases.0,"Vállalati rendezvények, konferenciák és üzleti események","Firmenveranstaltungen, Konferenzen und Geschäftsevents",translated_draft
rendezvenybiztositas:PILOT_HU.useCases.1,useCases.1,"Zártkörű események, termékbemutatók és kiállítások","Geschlossene Veranstaltungen, Produktpräsentationen und Ausstellungen",translated_draft
rendezvenybiztositas:PILOT_HU.useCases.2,useCases.2,Fesztiválok és szabadtéri kulturális rendezvények,Festivals und Open-Air-Kulturveranstaltungen,translated_draft
rendezvenybiztositas:PILOT_HU.useCases.3,useCases.3,Koncertek és beltéri nyilvános előadások,Konzerte und öffentliche Indoor-Veranstaltungen,translated_draft
rendezvenybiztositas:PILOT_HU.useCases.4,useCases.4,Sportesemények és tornák,Sportveranstaltungen und Turniere,translated_draft
rendezvenybiztositas:PILOT_HU.useCases.5,useCases.5,"VIP-, backstage-, zárt vagy kiemelt területekkel rendelkező rendezvények","Veranstaltungen mit VIP-, Backstage-, geschlossenen oder besonders geschützten Bereichen",translated_draft
rendezvenybiztositas:PILOT_HU.useCases.6,useCases.6,"Több belépési ponttal, közönségáramlással vagy szervezői koordinációval járó események","Events mit mehreren Zutrittspunkten, Besucherströmen oder Koordinationsbedarf mit der Veranstaltungsleitung",translated_draft
rendezvenybiztositas:PILOT_HU.useCases.7,useCases.7,Incidensrögzítést és eszkalációs keretet igénylő rendezvények,"Veranstaltungen, die Vorfallerfassung und einen Eskalationsrahmen erfordern",translated_draft
rendezvenybiztositas:hu.serviceDetail.includedEyebrow,included.eyebrow,TARTALOM,LEISTUNGSUMFANG,translated_draft
rendezvenybiztositas:hu.serviceDetail.includedTitle,included.title,Mit tartalmaz,Was enthalten ist,translated_draft
rendezvenybiztositas:PILOT_HU.includedItems.0,includedItems.0,Beléptetés és belépési pontok kezelése,Zutrittskontrolle und Management der Zutrittspunkte,translated_draft
rendezvenybiztositas:PILOT_HU.includedItems.1,includedItems.1,Vendég- és közönségáramlás támogatása,Unterstützung der Gäste- und Besucherströme,translated_draft
rendezvenybiztositas:PILOT_HU.includedItems.2,includedItems.2,"Zónák, peremterületek és zárt területek kezelése","Management von Zonen, Randbereichen und geschlossenen Bereichen",translated_draft
rendezvenybiztositas:PILOT_HU.includedItems.3,includedItems.3,"VIP-, backstage- vagy kiemelt területek támogatása, ha a rendezvény jellege indokolja","Betreuung von VIP-, Backstage- oder besonders geschützten Bereichen, sofern der Veranstaltungscharakter dies erfordert",translated_draft
rendezvenybiztositas:PILOT_HU.includedItems.4,includedItems.4,Konfliktusmegelőzés és incidenseszkaláció,Konfliktprävention und Vorfalleskalation,translated_draft
rendezvenybiztositas:PILOT_HU.includedItems.5,includedItems.5,Incidensrögzítés és rendezvénybiztosítási jelentés,Vorfallerfassung und Bericht zur Veranstaltungssicherheit,translated_draft
rendezvenybiztositas:PILOT_HU.includedItems.6,includedItems.6,Több belépési pont kezelése nyilvános vagy nagyobb létszámú eseményeken,Management mehrerer Zutrittspunkte bei öffentlichen oder größeren Veranstaltungen,translated_draft
rendezvenybiztositas:PILOT_HU.includedItems.7,includedItems.7,Kapcsolattartás a szervező által meghatározott felelősökkel és eszkalációs pontokkal,Kontakt zu den von der Veranstaltungsleitung benannten Verantwortlichen und Eskalationspunkten,translated_draft
rendezvenybiztositas:hu.serviceDetail.processEyebrow,process.eyebrow,FOLYAMAT,ABLAUF,translated_draft
rendezvenybiztositas:hu.serviceDetail.processTitle,process.title,Hogyan indul az együttműködés,So startet die Zusammenarbeit,translated_draft
rendezvenybiztositas:PILOT_HU.processSteps.0.title,processSteps.0.title,Rendezvény scope és helyszíni igények egyeztetése,Abstimmung von Veranstaltungsumfang und Standortbedarf,translated_draft
rendezvenybiztositas:PILOT_HU.processSteps.0.body,processSteps.0.body,"Rögzítjük a rendezvény típusát, időtartamát, várható vendég- vagy közönségáramlását, helyszíni adottságait, zónáit és a szervezői elvárásokat.","Wir erfassen Art und Dauer der Veranstaltung, die erwarteten Gäste- oder Besucherströme, die örtlichen Gegebenheiten, die Zonen und die Erwartungen der Veranstaltungsleitung.",translated_draft
rendezvenybiztositas:PILOT_HU.processSteps.1.title,processSteps.1.title,"Belépési pontok, zónák és szervezői kapcsolattartás feltérképezése","Erfassung von Zutrittspunkten, Zonen und Kontaktwegen zur Veranstaltungsleitung",translated_draft
rendezvenybiztositas:PILOT_HU.processSteps.1.body,processSteps.1.body,"Áttekintjük a beléptetési pontokat, zárt vagy kiemelt területeket, vendég- vagy közönségáramlási irányokat, peremterületeket és a szervezői kapcsolattartási rendet.","Wir prüfen die Zutrittspunkte, geschlossene oder besonders geschützte Bereiche, die Richtungen der Gäste- oder Besucherströme, die Randbereiche und die Kontaktordnung der Veranstaltungsleitung.",translated_draft
rendezvenybiztositas:PILOT_HU.processSteps.2.title,processSteps.2.title,Biztonsági személyzeti és eszkalációs rend kialakítása,Gestaltung der Personal- und Eskalationsordnung,translated_draft
rendezvenybiztositas:PILOT_HU.processSteps.2.body,processSteps.2.body,"A szükséges biztonsági jelenlétet, jogosultsági pontokat, kapcsolattartási láncot és incidensjelzési rendet az esemény scope-ja és szerződéses keretei alapján határozzuk meg.","Die erforderliche Sicherheitspräsenz, die Berechtigungspunkte, die Kontaktkette und die Vorfallmeldeordnung legen wir auf Grundlage des Veranstaltungsumfangs und der vertraglichen Rahmenbedingungen fest.",translated_draft
rendezvenybiztositas:PILOT_HU.processSteps.3.title,processSteps.3.title,"Rendezvény alatti beléptetési, zónakezelési és incidensjelzési támogatás","Unterstützung von Zutrittskontrolle, Zonenmanagement und Vorfallmeldung während der Veranstaltung",translated_draft
rendezvenybiztositas:PILOT_HU.processSteps.3.body,processSteps.3.body,"A rendezvény alatt a biztonsági személyzet a beléptetés, a zónakezelés, a vendég- vagy közönségáramlás és az incidensjelzés egyeztetett rendjét támogatja.","Während der Veranstaltung unterstützt das Sicherheitspersonal die abgestimmte Ordnung von Zutrittskontrolle, Zonenmanagement, Gäste- oder Besucherströmen und Vorfallmeldung.",translated_draft
rendezvenybiztositas:PILOT_HU.processSteps.4.title,processSteps.4.title,"Események, eltérések és beavatkozások dokumentálása","Dokumentation von Ereignissen, Abweichungen und Eingriffen",translated_draft
rendezvenybiztositas:PILOT_HU.processSteps.4.body,processSteps.4.body,"A releváns eseményeket, eltéréseket és beavatkozásokat a megrendelővel egyeztetett dokumentálási szint szerint rögzítjük.","Die relevanten Ereignisse, Abweichungen und Eingriffe erfassen wir nach dem mit dem Auftraggeber abgestimmten Dokumentationsumfang.",translated_draft
rendezvenybiztositas:PILOT_HU.processSteps.5.title,processSteps.5.title,Rendezvényzáró visszajelzés és fejlesztési javaslatok egyeztetése,Abschlussrückmeldung und Abstimmung von Verbesserungsvorschlägen,translated_draft
rendezvenybiztositas:PILOT_HU.processSteps.5.body,processSteps.5.body,"A rendezvényt követően összefoglalható, mi működött jól, hol volt eltérés, és milyen módosítás segítheti a következő esemény működését.","Nach der Veranstaltung lässt sich zusammenfassen, was gut funktioniert hat, wo es Abweichungen gab und welche Anpassungen den Ablauf der nächsten Veranstaltung unterstützen können.",translated_draft
rendezvenybiztositas:hu.serviceDetail.trustEyebrow,trust.eyebrow,MIÉRT BÍZHAT BENNÜNK,WARUM SIE UNS VERTRAUEN KÖNNEN,translated_draft
rendezvenybiztositas:hu.serviceDetail.trustTitle,trust.title,Bizalmi elemek,Vertrauenselemente,translated_draft
rendezvenybiztositas:PILOT_HU.trustItems.0.title,trustItems.0.title,Rendezvényre szabott biztosítási terv,Auf die Veranstaltung zugeschnittenes Sicherheitskonzept,translated_draft
rendezvenybiztositas:PILOT_HU.trustItems.0.body,trustItems.0.body,"A biztonsági jelenlét, a belépési pontok, a zónák, a vendég- vagy közönségáramlás és az eszkalációs útvonalak a rendezvény típusához és az egyeztetett scope-hoz igazodnak.","Sicherheitspräsenz, Zutrittspunkte, Zonen, Gäste- oder Besucherströme und Eskalationswege richten sich nach dem Veranstaltungstyp und dem vereinbarten Umfang.",translated_draft
rendezvenybiztositas:PILOT_HU.trustItems.1.title,trustItems.1.title,Közönségáramlás és belépési pontok kezelése,Management von Besucherströmen und Zutrittspunkten,translated_draft
rendezvenybiztositas:PILOT_HU.trustItems.1.body,trustItems.1.body,"A beléptetés, a vendég- vagy közönségmozgás és a több belépési pont kezelése a rendezvény elrendezéséhez, várható forgalmához és a szervező által meghatározott szabályokhoz igazodik.","Zutrittskontrolle, Gäste- oder Besucherbewegungen und das Management mehrerer Zutrittspunkte richten sich nach dem Veranstaltungslayout, dem erwarteten Aufkommen und den Regeln der Veranstaltungsleitung.",translated_draft
rendezvenybiztositas:PILOT_HU.trustItems.2.title,trustItems.2.title,"Zónák, peremterületek és zárt területek kezelése","Management von Zonen, Randbereichen und geschlossenen Bereichen",translated_draft
rendezvenybiztositas:PILOT_HU.trustItems.2.body,trustItems.2.body,"A VIP-, backstage-, zárt, kiemelt vagy peremterületek kezelése az egyeztetett rendezvénybiztosítási terv és belépési szabályok szerint történik.","VIP-, Backstage-, geschlossene, besonders geschützte oder Randbereiche werden nach dem vereinbarten Sicherheitskonzept und den Zutrittsregeln betreut.",translated_draft
rendezvenybiztositas:PILOT_HU.trustItems.3.title,trustItems.3.title,Incidensrögzítés és szervezői eszkaláció,Vorfallerfassung und Eskalation an die Veranstaltungsleitung,translated_draft
rendezvenybiztositas:PILOT_HU.trustItems.3.body,trustItems.3.body,"Az incidensek, eltérések és eszkalációs igények rögzítése és kezelése a szervező által meghatározott kapcsolattartási és eszkalációs lánc szerint történik.","Vorfälle, Abweichungen und Eskalationsbedarfe werden nach der von der Veranstaltungsleitung festgelegten Kontakt- und Eskalationskette erfasst und bearbeitet.",translated_draft
rendezvenybiztositas:PILOT_HU.trustItems.4.title,trustItems.4.title,Egy kijelölt felelős kapcsolattartási pont,Ein benannter verantwortlicher Kontaktpunkt,translated_draft
rendezvenybiztositas:PILOT_HU.trustItems.4.body,trustItems.4.body,"A szervező kijelölt rendezvénybiztonsági kapcsolattartási pontot kap a koordinációhoz, a jelentéshez és az eseménynapi kommunikációhoz.","Die Veranstaltungsleitung erhält einen benannten Sicherheitskontaktpunkt für Koordination, Berichterstattung und die Kommunikation am Veranstaltungstag.",translated_draft
rendezvenybiztositas:PILOT_HU.trustItems.5.title,trustItems.5.title,Utólagos áttekintés és fejlesztési pontok,Nachbetrachtung und Verbesserungspunkte,translated_draft
rendezvenybiztositas:PILOT_HU.trustItems.5.body,trustItems.5.body,"A rendezvény után az Avenir támogatni tudja az incidensek, visszatérő problémák és fejlesztési pontok áttekintését a jövőbeli rendezvénytervezéshez.","Nach der Veranstaltung kann Avenir die Auswertung von Vorfällen, wiederkehrenden Problemen und Verbesserungspunkten für die künftige Veranstaltungsplanung unterstützen.",translated_draft
rendezvenybiztositas:hu.serviceDetail.faqEyebrow,faq.eyebrow,GYAKORI KÉRDÉSEK,HÄUFIGE FRAGEN,translated_draft
rendezvenybiztositas:hu.serviceDetail.faqTitle,faq.title,Mit kérdeznek leggyakrabban,Was am häufigsten gefragt wird,translated_draft
rendezvenybiztositas:PILOT_HU.faq.0.q,faq.0.q,Miben különbözik a rendezvénybiztosítás az objektumőrzéstől?,Worin unterscheidet sich Veranstaltungssicherheit vom Objektschutz?,translated_draft
rendezvenybiztositas:PILOT_HU.faq.0.a,faq.0.a,"Az objektumőrzés jellemzően állandó vagy hosszabb távú helyszíni működésre épül, míg a rendezvénybiztosítás időben behatárolt, eseményhez igazított szolgáltatás. Itt a vendégáramlás, beléptetés, zónakezelés, szervezői kapcsolattartás és incidensjelzés kerül előtérbe.","Der Objektschutz beruht in der Regel auf einem dauerhaften oder längerfristigen Betrieb vor Ort, während die Veranstaltungssicherheit eine zeitlich begrenzte, auf das Event zugeschnittene Leistung ist. Im Vordergrund stehen Besucherströme, Zutrittskontrolle, Zonenmanagement, der Kontakt zur Veranstaltungsleitung und die Vorfallmeldung.",translated_draft
rendezvenybiztositas:PILOT_HU.faq.1.q,faq.1.q,"Fesztiválokra, koncertekre és sporteseményekre is kérhető rendezvénybiztosítás?","Ist Veranstaltungssicherheit auch für Festivals, Konzerte und Sportveranstaltungen verfügbar?",translated_draft
rendezvenybiztositas:PILOT_HU.faq.1.a,faq.1.a,"Igen. A rendezvénybiztosítás vállalati, zártkörű és nyilvános eseményekre is kialakítható, ideértve a fesztiválokat, koncerteket, sporteseményeket és kulturális programokat. A szolgáltatási keret a rendezvény típusához, a vendég- vagy közönségáramláshoz, a belépési pontokhoz, a zónákhoz, a szervezői kapcsolattartási lánchoz és az incidensrögzítési igényekhez igazodik.","Ja. Veranstaltungssicherheit kann für Firmen-, geschlossene und öffentliche Veranstaltungen gestaltet werden, einschließlich Festivals, Konzerten, Sportveranstaltungen und Kulturprogrammen. Der Leistungsrahmen richtet sich nach Veranstaltungstyp, Gäste- oder Besucherströmen, Zutrittspunkten, Zonen, der Kontaktkette der Veranstaltungsleitung und den Anforderungen an die Vorfallerfassung.",translated_draft
rendezvenybiztositas:PILOT_HU.faq.2.q,faq.2.q,Kezelhető VIP vagy backstage terület?,Können VIP- oder Backstage-Bereiche betreut werden?,translated_draft
rendezvenybiztositas:PILOT_HU.faq.2.a,faq.2.a,"Igen, ha a rendezvény scope-ja ezt tartalmazza, a biztonsági működés kiterjedhet VIP, backstage, zárt vagy kiemelt területek kezelésére is. A jogosultsági pontokat és a belépési szabályokat előre kell rögzíteni.","Ja, wenn der Veranstaltungsumfang dies vorsieht, kann sich der Sicherheitsbetrieb auch auf VIP-, Backstage-, geschlossene oder besonders geschützte Bereiche erstrecken. Die Berechtigungspunkte und Zutrittsregeln sind vorab festzulegen.",translated_draft
rendezvenybiztositas:PILOT_HU.faq.3.q,faq.3.q,Van garantált konfliktusmentes rendezvény?,Gibt es eine Garantie für eine konfliktfreie Veranstaltung?,translated_draft
rendezvenybiztositas:PILOT_HU.faq.3.a,faq.3.a,"Nem ígérhető garantált konfliktusmentesség. A szolgáltatás célja a kockázatok csökkentése, a helyszíni jelenlét, az egyeztetett eszkalációs rend és a szervezőkkel való gyors kapcsolattartás biztosítása.","Eine garantierte Konfliktfreiheit kann nicht zugesagt werden. Ziel der Leistung ist es, Risiken zu verringern sowie Präsenz vor Ort, eine abgestimmte Eskalationsordnung und eine schnelle Abstimmung mit der Veranstaltungsleitung sicherzustellen.",translated_draft
rendezvenybiztositas:PILOT_HU.faq.4.q,faq.4.q,Milyen szerepe van a szervezői kapcsolattartásnak?,Welche Rolle spielt der Kontakt zur Veranstaltungsleitung?,translated_draft
rendezvenybiztositas:PILOT_HU.faq.4.a,faq.4.a,"A rendezvénybiztosítás hatékony működéséhez fontos, hogy legyen kijelölt kapcsolattartó a szervezői oldalon és a biztonsági oldalon is. Így incidens, beléptetési kérdés, zónakezelési probléma vagy vendégáramlási helyzet esetén gyorsabb az egyeztetés.","Für einen wirksamen Ablauf der Veranstaltungssicherheit ist wichtig, dass es sowohl auf Seiten der Veranstaltungsleitung als auch auf der Sicherheitsseite einen benannten Ansprechpartner gibt. So lassen sich Vorfälle, Zutrittsfragen, Zonenprobleme oder Besucherstromsituationen schneller abstimmen.",translated_draft
rendezvenybiztositas:PILOT_HU.faq.5.q,faq.5.q,Készül rendezvényzáró riport?,Wird ein Abschlussbericht zur Veranstaltung erstellt?,translated_draft
rendezvenybiztositas:PILOT_HU.faq.5.a,faq.5.a,"A szolgáltatás része lehet rendezvényzáró visszajelzés vagy riport, amely összefoglalja a főbb eseményeket, eltéréseket, incidenseket és fejlesztési javaslatokat. A riport részletezettségét az együttműködés elején érdemes rögzíteni.","Bestandteil der Leistung kann eine Abschlussrückmeldung oder ein Bericht sein, der die wichtigsten Ereignisse, Abweichungen, Vorfälle und Verbesserungsvorschläge zusammenfasst. Den Detaillierungsgrad des Berichts sollte man zu Beginn der Zusammenarbeit festlegen.",translated_draft
rendezvenybiztositas:PILOT_HU.faq.6.q,faq.6.q,Mikor érdemes előzetes rendezvénybiztosítási bejárást tartani?,Wann ist eine vorbereitende Begehung zur Veranstaltungssicherheit sinnvoll?,translated_draft
rendezvenybiztositas:PILOT_HU.faq.6.a,faq.6.a,"Előzetes bejárás különösen akkor hasznos, ha több belépési pont, VIP, backstage vagy zárt zóna, nagyobb vendégáramlás, külső beszállítói mozgás, szokatlan helyszíni elrendezés, magasabb kockázatú programelem vagy erős szervezői koordinációs igény várható.","Eine vorbereitende Begehung ist besonders dann sinnvoll, wenn mehrere Zutrittspunkte, VIP-, Backstage- oder geschlossene Zonen, größere Besucherströme, externer Lieferverkehr, eine ungewöhnliche Standortanordnung, risikoreichere Programmelemente oder ein hoher Koordinationsbedarf mit der Veranstaltungsleitung zu erwarten sind.",translated_draft
rendezvenybiztositas:PILOT_HU.faq.7.q,faq.7.q,Kapcsolódhat a rendezvénybiztosítás beléptető vagy biztonságtechnikai rendszerhez?,Kann die Veranstaltungssicherheit an Zutritts- oder Sicherheitstechniksysteme angebunden werden?,translated_draft
rendezvenybiztositas:PILOT_HU.faq.7.a,faq.7.a,"Igen, ahol a helyszín ezt lehetővé teszi, a rendezvénybiztosítás kapcsolódhat beléptetési rendszerhez, kamerarendszerhez, zónakezelési vagy más biztonságtechnikai folyamathoz. A pontos működést a helyszín adottságai és a rendezvény scope-ja határozza meg.","Ja, wo der Standort dies zulässt, kann die Veranstaltungssicherheit an Zutrittskontrollsysteme, Kamerasysteme, Zonenmanagement- oder andere sicherheitstechnische Prozesse angebunden werden. Den genauen Ablauf bestimmen die Gegebenheiten des Standorts und der Veranstaltungsumfang.",translated_draft
rendezvenybiztositas:hu.serviceDetail.relatedEyebrow,related.eyebrow,MÉG AZ AVENIRTŐL,WEITERES VON AVENIR,translated_draft
rendezvenybiztositas:hu.serviceDetail.relatedTitle,related.title,Kapcsolódó szolgáltatások,Verwandte Leistungen,translated_draft
rendezvenybiztositas:related.0.objektumorzes.nameHu,related.0.title,Élőerős objektumőrzés,Objektschutz vor Ort,translated_draft
rendezvenybiztositas:related.0.objektumorzes.shortDescHu,related.0.description,"Élőerős objektumőrzés beléptetéssel, járőrözéssel, incidenskezeléssel, szolgálati naplóval és egyeztetett eszkalációs renddel.","Objektschutz vor Ort mit Zutrittskontrolle, Kontrollgängen, Vorfallbearbeitung, Dienstbuch und abgestimmter Eskalationsordnung.",translated_draft
rendezvenybiztositas:related.1.portaszolgalat.nameHu,related.1.title,Recepciós és portaszolgálat,Empfangs- und Pförtnerdienst,translated_draft
rendezvenybiztositas:related.1.portaszolgalat.shortDescHu,related.1.description,"Recepciós és portaszolgálat látogatók, beszállítók, munkatársak, kulcsok, csomagok, naplózás és egyeztetett eszkaláció kezelésére.","Empfangs- und Pförtnerdienst für Besucher, Lieferanten, Mitarbeiter, Schlüssel, Pakete, Protokollierung und abgestimmte Eskalation.",translated_draft
rendezvenybiztositas:related.2.mystery-shopping-helyszini-audit.nameHu,related.2.title,Próbavásárlás és szolgáltatásaudit,Mystery Shopping und Serviceaudit,translated_draft
rendezvenybiztositas:related.2.mystery-shopping-helyszini-audit.shortDescHu,related.2.description,"Próbavásárlás és szolgáltatásaudit valós ügyfél- és működési helyzetekben, strukturált megfigyeléssel, riportálással és fejlesztési javaslatokkal.","Mystery Shopping und Serviceaudit in realen Kunden- und Betriebssituationen, mit strukturierter Beobachtung, Berichtswesen und Verbesserungsempfehlungen.",translated_draft
rendezvenybiztositas:related.3.biztonsagtechnika.nameHu,related.3.title,Biztonságtechnika,Sicherheitstechnik,translated_draft
rendezvenybiztositas:related.3.biztonsagtechnika.shortDescHu,related.3.description,"Biztonságtechnika kamerarendszerhez, beléptetéshez és riasztási folyamatokhoz, helyszínre szabott biztonsági modellbe illesztve, adatvédelmi szempontokat beépítő technikai tervezéssel.","Sicherheitstechnik für Kamerasysteme, Zutrittskontrolle und Alarmprozesse, eingebettet in ein standortgerechtes Sicherheitsmodell, mit technischer Planung, die Datenschutzaspekte einbezieht.",translated_draft
rendezvenybiztositas:serviceDetail.hero.cta,cta.hero,Ajánlatkérés,Angebot anfordern,translated_draft
rendezvenybiztositas:SERVICE_QUOTE_COPY.hu.button,cta.embedded.collapsedButton,Ajánlatkérés,Angebot anfordern,translated_draft
SHARED:hu.serviceDetail,shared.serviceDetail,"{""useCasesEyebrow"":""Kinek ajánljuk"",""useCasesTitle"":""Kinek jó"",""includedEyebrow"":""Tartalom"",""includedTitle"":""Mit tartalmaz"",""processEyebrow"":""Folyamat"",""processTitle"":""Hogyan indul az együttműködés"",""trustEyebrow"":""Miért bízhat bennünk"",""trustTitle"":""Bizalmi elemek"",""faqEyebrow"":""Gyakori kérdések"",""faqTitle"":""Mit kérdeznek leggyakrabban"",""relatedEyebrow"":""Még az Avenirtől"",""relatedTitle"":""Kapcsolódó szolgáltatások""}","{""useCasesEyebrow"":""Empfohlen für"",""useCasesTitle"":""Für wen geeignet"",""includedEyebrow"":""Leistungsumfang"",""includedTitle"":""Was enthalten ist"",""processEyebrow"":""Ablauf"",""processTitle"":""So startet die Zusammenarbeit"",""trustEyebrow"":""Warum Sie uns vertrauen können"",""trustTitle"":""Vertrauenselemente"",""faqEyebrow"":""Häufige Fragen"",""faqTitle"":""Was am häufigsten gefragt wird"",""relatedEyebrow"":""Weiteres von Avenir"",""relatedTitle"":""Verwandte Leistungen""}",translated_draft
SHARED:SERVICE_QUOTE_COPY.hu,shared.serviceQuote,"{""title"":""Ajánlatkérés"",""button"":""Ajánlatkérés"",""close"":""Mégsem"",""name"":""Név"",""email"":""E-mail"",""phone"":""Telefon"",""company"":""Cég (opcionális)"",""message"":""Üzenet"",""messagePlaceholder"":""Írja le röviden, miben segíthetünk."",""send"":""Küldés"",""sending"":""Küldés folyamatban..."",""success"":""Köszönjük, megkaptuk a megkeresést. Munkatársunk a megadott elérhetőségen visszajelez."",""error"":""Hiba történt a küldés során. Kérjük, próbálja újra később, vagy hívjon minket."",""nameRequired"":""Kérjük, adja meg a nevét."",""emailRequired"":""Kérjük, adja meg az e-mail címét."",""emailInvalid"":""Kérjük, érvényes e-mail címet adjon meg.""}","{""title"":""Angebot anfordern"",""button"":""Angebot anfordern"",""close"":""Abbrechen"",""name"":""Name"",""email"":""E-Mail"",""phone"":""Telefon"",""company"":""Firma (optional)"",""message"":""Nachricht"",""messagePlaceholder"":""Beschreiben Sie kurz, wobei wir Sie unterstützen können."",""send"":""Senden"",""sending"":""Wird gesendet..."",""success"":""Vielen Dank, wir haben Ihre Anfrage erhalten. Unser Mitarbeiter meldet sich über die angegebenen Kontaktdaten bei Ihnen."",""error"":""Beim Senden ist ein Fehler aufgetreten. Bitte versuchen Sie es später erneut oder rufen Sie uns an."",""nameRequired"":""Bitte geben Sie Ihren Namen an."",""emailRequired"":""Bitte geben Sie Ihre E-Mail-Adresse an."",""emailInvalid"":""Bitte geben Sie eine gültige E-Mail-Adresse an.""}",translated_draft
biztonsagtechnika:seoTitleHu,meta.title,Biztonságtechnika vállalati helyszínekre | Avenir,Sicherheitstechnik für Unternehmensstandorte | Avenir,translated_draft
biztonsagtechnika:seoDescriptionHu,meta.description,"Kamerarendszer, beléptetés, behatolásjelzés és riasztási folyamatok élőerős őrzéssel és portaszolgálattal összehangolva.","Kamerasystem, Zutrittskontrolle, Einbruchmeldung und Alarmprozesse — abgestimmt mit Objektschutz und Pförtnerdienst.",translated_draft
biztonsagtechnika:nameHu,hero.h1,Biztonságtechnika,Sicherheitstechnik,translated_draft
biztonsagtechnika:valuePropositionHu,hero.subhead,"A biztonságtechnika a kamerarendszert, a beléptetést és a riasztási folyamatokat helyszínre szabott biztonsági rendszerré kapcsolja össze, dokumentált céllal, arányos lefedettséggel, eszkalációval és működési integrációval.","Die Sicherheitstechnik verbindet Kamerasystem, Zutrittskontrolle und Alarmprozesse zu einem standortgerechten Sicherheitssystem — mit dokumentiertem Zweck, verhältnismäßiger Abdeckung, Eskalation und betrieblicher Integration.",translated_draft
biztonsagtechnika:PILOT_HU.longDesc.body.0,body.1,"A biztonságtechnika célja, hogy a helyszíni vagyonvédelem ne csak emberi jelenlétre támaszkodjon, hanem jól kezelhető technikai támogatást is kapjon. Ide tartozhat a kamerarendszer, a beléptető rendszer, a behatolásjelzés, a riasztási folyamat, a jelzések továbbítása és az események dokumentálása.","Ziel der Sicherheitstechnik ist, dass sich die Sicherheit vor Ort nicht allein auf personelle Präsenz stützt, sondern auch gut handhabbare technische Unterstützung erhält. Dazu können das Kamerasystem, die Zutrittskontrollanlage, die Einbruchmeldung, der Alarmprozess, die Weiterleitung von Meldungen und die Dokumentation der Ereignisse gehören.",translated_draft
biztonsagtechnika:PILOT_HU.longDesc.body.1,body.2,"Avenir a biztonságtechnikai működést nem elszigetelt eszközbeszerzésként kezeli. A helyszíni felmérés alapján azt vizsgáljuk, hol vannak belépési pontok, gyenge ellenőrzési zónák, visszatérő események, kritikus területek és olyan folyamatok, ahol a technológia az őrzést, a portaszolgálatot vagy a távfelügyeletet támogatni tudja.","Avenir behandelt den sicherheitstechnischen Betrieb nicht als isolierte Gerätebeschaffung. Auf Grundlage der Begehung vor Ort prüfen wir, wo sich Zutrittspunkte, schwach kontrollierte Zonen, wiederkehrende Ereignisse, kritische Bereiche und Prozesse befinden, in denen die Technik den Objektschutz, den Pförtnerdienst oder die Fernüberwachung unterstützen kann.",translated_draft
biztonsagtechnika:PILOT_HU.longDesc.body.2,body.3,"Az Avenir a biztonságtechnikai felmérés és tervezés során az adatvédelmi szempontokat is beépíti: a dokumentált célt, az arányos látómezőt, a hozzáférési jogosultságokat, az érintetti tájékoztatást és a megőrzési logikát a helyszín működéséhez és az ügyfél adatvédelmi keretéhez igazítja. Ez támogatja az ügyfél adatvédelmi felülvizsgálatát; a jogalap és a végső adatvédelmi döntések az ügyfél és tanácsadói körében maradnak.","Avenir bezieht bei der sicherheitstechnischen Bestandsaufnahme und Planung auch die Datenschutzaspekte ein: Der dokumentierte Zweck, der verhältnismäßige Erfassungsbereich, die Zugriffsberechtigungen, die Information der Betroffenen und die Speicherlogik werden auf den Betrieb des Standorts und den Datenschutzrahmen des Kunden abgestimmt — im Einklang mit den Grundsätzen der DSGVO und dem in Ungarn anwendbaren Rechtsrahmen. Dies unterstützt die datenschutzrechtliche Prüfung des Kunden; die Rechtsgrundlage und die abschließenden Datenschutzentscheidungen verbleiben beim Kunden und seinen Beratern.",legal_review_required
biztonsagtechnika:PILOT_HU.longDesc.body.3,body.4,"A cél egy átlátható, karbantartható és napi működésben is használható biztonságtechnikai réteg: olyan megoldás, amely nem csak rögzít, hanem segíti az észlelést, az eszkalációt, a beléptetést, a riportálást és a döntéshozatalt.","Ziel ist eine transparente, wartbare und im Tagesbetrieb nutzbare sicherheitstechnische Ebene: eine Lösung, die nicht nur aufzeichnet, sondern Erkennung, Eskalation, Zutrittskontrolle, Berichtswesen und Entscheidungsfindung unterstützt.",translated_draft
biztonsagtechnika:hu.serviceDetail.useCasesEyebrow,useCases.eyebrow,KINEK AJÁNLJUK,EMPFOHLEN FÜR,translated_draft
biztonsagtechnika:hu.serviceDetail.useCasesTitle,useCases.title,Kinek jó,Für wen geeignet,translated_draft
biztonsagtechnika:PILOT_HU.useCases.0,useCases.0,Irodaházak és üzleti központok beléptetési pontjai,Zutrittspunkte von Bürogebäuden und Businesscentern,translated_draft
biztonsagtechnika:PILOT_HU.useCases.1,useCases.1,Ipari és logisztikai telephelyek kamerás és riasztási zónái,Kamera- und Alarmzonen von Industrie- und Logistikstandorten,translated_draft
biztonsagtechnika:PILOT_HU.useCases.2,useCases.2,"Raktárak, teherkapuk és kritikus belépési pontok","Lager, Lkw-Tore und kritische Zutrittspunkte",translated_draft
biztonsagtechnika:PILOT_HU.useCases.3,useCases.3,"Olyan helyszínek, ahol az élőerős őrzést technikai támogatással kell kiegészíteni","Standorte, an denen der personelle Objektschutz technisch ergänzt werden soll",translated_draft
biztonsagtechnika:PILOT_HU.useCases.4,useCases.4,"Meglévő kamerarendszer, beléptető vagy riasztási folyamat felülvizsgálata","Überprüfung vorhandener Kamerasysteme, Zutrittskontroll- oder Alarmprozesse",translated_draft
biztonsagtechnika:hu.serviceDetail.includedEyebrow,included.eyebrow,TARTALOM,LEISTUNGSUMFANG,translated_draft
biztonsagtechnika:hu.serviceDetail.includedTitle,included.title,Mit tartalmaz,Was enthalten ist,translated_draft
biztonsagtechnika:PILOT_HU.includedItems.0,includedItems.0,Kamerarendszer és megfigyelési pontok felmérése,Bestandsaufnahme des Kamerasystems und der Überwachungspunkte,translated_draft
biztonsagtechnika:PILOT_HU.includedItems.1,includedItems.1,Beléptetési pontok és jogosultsági folyamatok áttekintése,Überprüfung der Zutrittspunkte und Berechtigungsprozesse,translated_draft
biztonsagtechnika:PILOT_HU.includedItems.2,includedItems.2,Behatolásjelzés és riasztási folyamatok vizsgálata,Prüfung von Einbruchmeldung und Alarmprozessen,translated_draft
biztonsagtechnika:PILOT_HU.includedItems.3,includedItems.3,Élőerős őrzéssel és portaszolgálattal való összekapcsolás,Verknüpfung mit Objektschutz und Pförtnerdienst,translated_draft
biztonsagtechnika:PILOT_HU.includedItems.4,includedItems.4,Jelzéskezelési és eszkalációs rend kialakítása,Gestaltung der Meldungsbearbeitungs- und Eskalationsordnung,translated_draft
biztonsagtechnika:PILOT_HU.includedItems.5,includedItems.5,Helyszíni biztonsági felmérés és technológiai javaslat,Sicherheitsbegehung vor Ort und Technologievorschlag,translated_draft
biztonsagtechnika:PILOT_HU.includedItems.6,includedItems.6,Eseményrögzítés és riportálási támogatás,Ereigniserfassung und Unterstützung des Berichtswesens,translated_draft
biztonsagtechnika:hu.serviceDetail.processEyebrow,process.eyebrow,FOLYAMAT,ABLAUF,translated_draft
biztonsagtechnika:hu.serviceDetail.processTitle,process.title,Hogyan indul az együttműködés,So startet die Zusammenarbeit,translated_draft
biztonsagtechnika:PILOT_HU.processSteps.0.title,processSteps.0.title,Helyszíni biztonságtechnikai felmérés,Sicherheitstechnische Begehung vor Ort,translated_draft
biztonsagtechnika:PILOT_HU.processSteps.0.body,processSteps.0.body,"Áttekintjük a helyszín belépési pontjait, kamerás lefedettségét, riasztási folyamatait és a kapcsolódó őrzési vagy portaszolgálati működést.","Wir prüfen die Zutrittspunkte des Standorts, die Kameraabdeckung, die Alarmprozesse und den zugehörigen Objektschutz- oder Pförtnerbetrieb.",translated_draft
biztonsagtechnika:PILOT_HU.processSteps.1.title,processSteps.1.title,"Kritikus pontok, belépési zónák és kockázati területek azonosítása","Identifikation kritischer Punkte, Zutrittszonen und Risikobereiche",translated_draft
biztonsagtechnika:PILOT_HU.processSteps.1.body,processSteps.1.body,"Azonosítjuk azokat a zónákat, ahol a mozgás, a jogosultság, a teherforgalom vagy a visszatérő események technikai támogatást igényelnek.","Wir identifizieren die Zonen, in denen Bewegungen, Berechtigungen, Lieferverkehr oder wiederkehrende Ereignisse technische Unterstützung erfordern.",translated_draft
biztonsagtechnika:PILOT_HU.processSteps.2.title,processSteps.2.title,"Kamera-, beléptető-, riasztási és jelzéskezelési folyamatok áttekintése","Überprüfung der Kamera-, Zutritts-, Alarm- und Meldungsprozesse",translated_draft
biztonsagtechnika:PILOT_HU.processSteps.2.body,processSteps.2.body,"Megnézzük, hogy a meglévő vagy tervezett technikai rendszer hogyan támogatja az észlelést, a beléptetést, a riasztást és az eseménykezelést.","Wir prüfen, wie das vorhandene oder geplante technische System Erkennung, Zutrittskontrolle, Alarmierung und Ereignisbearbeitung unterstützt.",translated_draft
biztonsagtechnika:PILOT_HU.processSteps.3.title,processSteps.3.title,Technikai és élőerős vagyonvédelmi működés összehangolása,Abstimmung von technischem und personellem Sicherheitsbetrieb,translated_draft
biztonsagtechnika:PILOT_HU.processSteps.3.body,processSteps.3.body,"A technikai jelzéseket az őri, portaszolgálati, kapcsolattartói és távfelügyeleti folyamatokhoz igazítjuk.","Die technischen Meldungen stimmen wir auf die Prozesse von Sicherheitspersonal, Pförtnerdienst, Ansprechpartnern und Fernüberwachung ab.",translated_draft
biztonsagtechnika:PILOT_HU.processSteps.4.title,processSteps.4.title,"Eszkalációs, riportálási és karbantartási szempontok rögzítése","Festlegung von Eskalations-, Berichts- und Wartungsaspekten",translated_draft
biztonsagtechnika:PILOT_HU.processSteps.4.body,processSteps.4.body,"Rögzítjük, milyen eseményre ki reagál, mit kell naplózni, milyen riport készül, és hogyan marad karbantartható a rendszer.","Wir halten fest, wer auf welches Ereignis reagiert, was zu protokollieren ist, welcher Bericht erstellt wird und wie das System wartbar bleibt.",translated_draft
biztonsagtechnika:PILOT_HU.processSteps.5.title,processSteps.5.title,Javaslat a biztonságtechnikai működés fejlesztésére vagy integrálására,Vorschlag zur Weiterentwicklung oder Integration des sicherheitstechnischen Betriebs,translated_draft
biztonsagtechnika:PILOT_HU.processSteps.5.body,processSteps.5.body,"A felmérés alapján gyakorlati javaslatot adunk arra, hogyan tud a technika jobban kapcsolódni a napi biztonsági működéshez.","Auf Grundlage der Bestandsaufnahme geben wir einen praxisnahen Vorschlag, wie die Technik besser an den täglichen Sicherheitsbetrieb angebunden werden kann.",translated_draft
biztonsagtechnika:hu.serviceDetail.trustEyebrow,trust.eyebrow,MIÉRT BÍZHAT BENNÜNK,WARUM SIE UNS VERTRAUEN KÖNNEN,translated_draft
biztonsagtechnika:hu.serviceDetail.trustTitle,trust.title,Bizalmi elemek,Vertrauenselemente,translated_draft
biztonsagtechnika:PILOT_HU.trustItems.0.title,trustItems.0.title,Helyszínre szabott biztonságtechnikai felmérés,Standortgerechte sicherheitstechnische Bestandsaufnahme,translated_draft
biztonsagtechnika:PILOT_HU.trustItems.0.body,trustItems.0.body,"A technikai igényeket helyszíni felmérés és működési áttekintés alapján rögzítjük, nem önálló eszközlistaként.",Die technischen Anforderungen erfassen wir auf Grundlage einer Begehung vor Ort und einer Betriebsanalyse — nicht als bloße Geräteliste.,translated_draft
biztonsagtechnika:PILOT_HU.trustItems.1.title,trustItems.1.title,Biztonságtechnikai engedéllyel támogatott működés,Betrieb auf Grundlage der sicherheitstechnischen Genehmigung,translated_draft
biztonsagtechnika:PILOT_HU.trustItems.1.body,trustItems.1.body,A szolgáltatás a biztonságtechnikai engedélyhez és a helyszíni szerződéses igényekhez igazodva alakítható ki.,Die Leistung wird im Einklang mit der sicherheitstechnischen Genehmigung und den vertraglichen Anforderungen des Standorts gestaltet.,legal_review_required
biztonsagtechnika:PILOT_HU.trustItems.2.title,trustItems.2.title,Integráció a helyszíni működéssel és eszkalációs lánccal,Integration in den Standortbetrieb und die Eskalationskette,translated_draft
biztonsagtechnika:PILOT_HU.trustItems.2.body,trustItems.2.body,"A kamera-, beléptetési és riasztási jelzések akkor adnak valódi működési értéket, ha kapcsolódnak az őri jelenléthez, a portaszolgálati folyamatokhoz, a meghatározott eszkalációs útvonalakhoz és az egyértelműen kijelölt reagálási felelősségekhez.","Kamera-, Zutritts- und Alarmmeldungen schaffen erst dann echten betrieblichen Wert, wenn sie mit der Präsenz des Sicherheitspersonals, den Pförtnerprozessen, den definierten Eskalationswegen und klar benannten Reaktionsverantwortlichkeiten verbunden sind.",translated_draft
biztonsagtechnika:PILOT_HU.trustItems.3.title,trustItems.3.title,Kapcsolódás portaszolgálati és beléptetési folyamatokhoz,Anbindung an Pförtner- und Zutrittsprozesse,translated_draft
biztonsagtechnika:PILOT_HU.trustItems.3.body,trustItems.3.body,"A technikai rendszer támogathatja a vendég-, beszállítói és munkatársi beléptetést, valamint a jogosultsági szabályok követését.","Das technische System kann die Zutrittskontrolle von Besuchern, Lieferanten und Mitarbeitern sowie die Einhaltung der Berechtigungsregeln unterstützen.",translated_draft
biztonsagtechnika:PILOT_HU.trustItems.4.title,trustItems.4.title,Adatvédelmi szempontokat beépítő biztonságtechnikai tervezés,"Sicherheitstechnische Planung, die Datenschutzaspekte einbezieht",translated_draft
biztonsagtechnika:PILOT_HU.trustItems.4.body,trustItems.4.body,"A kameraképek lefedettsége, a látómező, a hozzáférési jogosultságok, az érintetti tájékoztatás és a megőrzési logika a biztonságtechnikai felmérés és tervezés részeként kezelendő.","Die Abdeckung der Kamerabilder, der Erfassungsbereich, die Zugriffsberechtigungen, die Information der Betroffenen und die Speicherlogik sind als Teil der sicherheitstechnischen Bestandsaufnahme und Planung zu behandeln.",legal_review_required
biztonsagtechnika:PILOT_HU.trustItems.5.title,trustItems.5.title,Dokumentált megállapítások és megvalósítási javaslat,Dokumentierte Feststellungen und Umsetzungsvorschlag,translated_draft
biztonsagtechnika:PILOT_HU.trustItems.5.body,trustItems.5.body,"A felmérés eredménye riportálható megállapításokban, prioritásokban, integrációs pontokban és megvalósítási javaslatban foglalható össze.","Das Ergebnis der Bestandsaufnahme lässt sich in berichtsfähigen Feststellungen, Prioritäten, Integrationspunkten und einem Umsetzungsvorschlag zusammenfassen.",translated_draft
biztonsagtechnika:PILOT_HU.trustItems.6.title,trustItems.6.title,ISO 9001 és ISO 27001 által támogatott működési fegyelem,"Betriebsdisziplin, gestützt auf ISO 9001 und ISO 27001",translated_draft
biztonsagtechnika:PILOT_HU.trustItems.6.body,trustItems.6.body,"A működés ISO 9001 és ISO 27001 tanúsított irányítási rendszerekhez illeszkedő szabályozott folyamatokra építhető, amennyiben az adott folyamatok a tanúsított működési körbe tartoznak.","Der Betrieb kann auf geregelte Prozesse gestützt werden, die an die nach ISO 9001 und ISO 27001 zertifizierten Managementsysteme anschließen, sofern die betreffenden Prozesse in den zertifizierten Geltungsbereich fallen.",translated_draft
biztonsagtechnika:hu.serviceDetail.faqEyebrow,faq.eyebrow,GYAKORI KÉRDÉSEK,HÄUFIGE FRAGEN,translated_draft
biztonsagtechnika:hu.serviceDetail.faqTitle,faq.title,Mit kérdeznek leggyakrabban,Was am häufigsten gefragt wird,translated_draft
biztonsagtechnika:PILOT_HU.faq.0.q,faq.0.q,Mit jelent a biztonságtechnika az Avenir szolgáltatásában?,Was bedeutet Sicherheitstechnik in der Leistung von Avenir?,translated_draft
biztonsagtechnika:PILOT_HU.faq.0.a,faq.0.a,"A biztonságtechnika a helyszíni vagyonvédelem technikai rétegét jelenti: kamerarendszert, beléptetést, behatolásjelzést, riasztási folyamatot, jelzéskezelést és ezek szabályozott működését. A cél, hogy a technika ne különálló eszköz legyen, hanem támogassa az őrzést, a portaszolgálatot és az eszkalációt.","Sicherheitstechnik ist die technische Ebene der Sicherheit vor Ort: Kamerasystem, Zutrittskontrolle, Einbruchmeldung, Alarmprozess, Meldungsbearbeitung und deren geregelter Betrieb. Ziel ist, dass die Technik kein isoliertes Gerät bleibt, sondern Objektschutz, Pförtnerdienst und Eskalation unterstützt.",translated_draft
biztonsagtechnika:PILOT_HU.faq.1.q,faq.1.q,Összeköthető a biztonságtechnika az élőerős őrzéssel?,Lässt sich die Sicherheitstechnik mit dem personellen Objektschutz verbinden?,translated_draft
biztonsagtechnika:PILOT_HU.faq.1.a,faq.1.a,"Igen. A kamerarendszer, beléptető vagy riasztási folyamat akkor ad valódi értéket, ha az őrök, a porta, a kapcsolattartók és az eszkalációs rend is tudja, mikor milyen jelzésre mi a teendő.","Ja. Kamerasystem, Zutrittskontrolle oder Alarmprozess schaffen erst dann echten Wert, wenn auch Sicherheitspersonal, Pforte, Ansprechpartner und Eskalationsordnung wissen, was bei welcher Meldung zu tun ist.",translated_draft
biztonsagtechnika:PILOT_HU.faq.2.q,faq.2.q,Milyen helyszíneken hasznos a biztonságtechnikai felmérés?,An welchen Standorten ist eine sicherheitstechnische Bestandsaufnahme sinnvoll?,translated_draft
biztonsagtechnika:PILOT_HU.faq.2.a,faq.2.a,"Különösen hasznos irodaházaknál, ipari és logisztikai telephelyeken, raktáraknál, teherkapuknál, több belépési ponttal működő objektumoknál, illetve olyan helyszíneken, ahol visszatérő incidensek vagy ellenőrizetlen mozgások fordulnak elő.","Besonders sinnvoll ist sie bei Bürogebäuden, Industrie- und Logistikstandorten, Lagern, Lkw-Toren, Objekten mit mehreren Zutrittspunkten sowie an Standorten mit wiederkehrenden Vorfällen oder unkontrollierten Bewegungen.",translated_draft
biztonsagtechnika:PILOT_HU.faq.3.q,faq.3.q,"Csak új rendszert lehet tervezni, vagy meglévő rendszert is felül lehet vizsgálni?",Kann nur ein neues System geplant oder auch ein bestehendes überprüft werden?,translated_draft
biztonsagtechnika:PILOT_HU.faq.3.a,faq.3.a,"Meglévő kamerarendszer, beléptető vagy riasztási folyamat is felülvizsgálható. Ilyenkor azt nézzük meg, hogy a jelenlegi technika támogatja-e a napi működést, az őrzést, az eseménykezelést és a riportálást.","Auch vorhandene Kamerasysteme, Zutrittskontroll- oder Alarmprozesse können überprüft werden. Dabei untersuchen wir, ob die aktuelle Technik den täglichen Betrieb, den Objektschutz, die Ereignisbearbeitung und das Berichtswesen unterstützt.",translated_draft
biztonsagtechnika:PILOT_HU.faq.4.q,faq.4.q,Kapcsolódhat a rendszer távfelügyelethez?,Kann das System an eine Fernüberwachung angebunden werden?,translated_draft
biztonsagtechnika:PILOT_HU.faq.4.a,faq.4.a,"Igen, ahol erre szükség van, a biztonságtechnikai folyamat kapcsolódhat távfelügyeleti vagy jelzéskezelési működéshez. Ennek részleteit a helyszíni kockázatok, a technikai adottságok és a szerződéses igények alapján érdemes rögzíteni.","Ja, wo dies erforderlich ist, kann der sicherheitstechnische Prozess an eine Fernüberwachung oder Meldungsbearbeitung angebunden werden. Die Einzelheiten sollten auf Grundlage der Standortrisiken, der technischen Gegebenheiten und der vertraglichen Anforderungen festgelegt werden.",translated_draft
biztonsagtechnika:PILOT_HU.faq.5.q,faq.5.q,Miért fontos a rögzített eszkalációs rend?,Warum ist eine festgeschriebene Eskalationsordnung wichtig?,translated_draft
biztonsagtechnika:PILOT_HU.faq.5.a,faq.5.a,"Az eszkalációs rend határozza meg, hogy riasztás, rendkívüli esemény vagy jogosulatlan belépési kísérlet esetén ki kap jelzést, milyen sorrendben történik az értesítés, mit kell rögzíteni, és hogyan zárul le az esemény kezelése.","Die Eskalationsordnung legt fest, wer bei Alarm, außergewöhnlichem Ereignis oder unbefugtem Zutrittsversuch eine Meldung erhält, in welcher Reihenfolge benachrichtigt wird, was zu erfassen ist und wie die Bearbeitung des Ereignisses abgeschlossen wird.",translated_draft
biztonsagtechnika:PILOT_HU.faq.6.q,faq.6.q,"Miben más ez, mint egy egyszerű kamera- vagy riasztórendszer?",Worin unterscheidet sich das von einem einfachen Kamera- oder Alarmsystem?,translated_draft
biztonsagtechnika:PILOT_HU.faq.6.a,faq.6.a,"Egy kamera- vagy riasztórendszer önmagában csak eszköz. Avenir szemléletében a biztonságtechnika a teljes helyszíni működés része: kapcsolódik az őrzéshez, a portaszolgálathoz, a beléptetéshez, a jelzéskezeléshez és a riportáláshoz.","Ein Kamera- oder Alarmsystem ist für sich genommen nur ein Gerät. Im Verständnis von Avenir ist Sicherheitstechnik Teil des gesamten Standortbetriebs: verbunden mit Objektschutz, Pförtnerdienst, Zutrittskontrolle, Meldungsbearbeitung und Berichtswesen.",translated_draft
biztonsagtechnika:PILOT_HU.faq.7.q,faq.7.q,Kell-e adatvédelmi szempontokat vizsgálni kamerarendszer kialakításánál?,Müssen bei der Gestaltung eines Kamerasystems Datenschutzaspekte geprüft werden?,translated_draft
biztonsagtechnika:PILOT_HU.faq.7.a,faq.7.a,"Igen. Kamerarendszer tervezésekor a célhoz kötöttség, az érintetti tájékoztatás, a jogos érdek dokumentálása, a kamerák látószöge, a megőrzési idő és a helyszín saját adatkezelési környezete is vizsgálandó. Ez nem jogi tanácsadás, de a műszaki javaslatnak ezekkel a szempontokkal is számolnia kell.","Ja. Bei der Planung eines Kamerasystems sind die Zweckbindung, die Information der Betroffenen, die Dokumentation des berechtigten Interesses, der Erfassungsbereich der Kameras, die Speicherdauer und das eigene Datenschutzumfeld des Standorts zu prüfen. Dies ist keine Rechtsberatung, doch der technische Vorschlag muss diese Aspekte berücksichtigen.",legal_review_required
biztonsagtechnika:PILOT_HU.faq.8.q,faq.8.q,Milyen szempontok befolyásolják a kamerafelvételek megőrzési idejét?,Welche Faktoren beeinflussen die Speicherdauer von Kameraaufnahmen?,translated_draft
biztonsagtechnika:PILOT_HU.faq.8.a,faq.8.a,"A megőrzési időt a rögzítés célja, a helyszín kockázati profilja, az incidenskezelési igény, a belső szabályzat és az adatvédelmi környezet befolyásolja. Nincs minden helyszínre azonos, általános válasz; a megőrzési rendet szakmailag indokoltan kell kialakítani.","Die Speicherdauer wird vom Zweck der Aufzeichnung, vom Risikoprofil des Standorts, vom Bedarf der Vorfallbearbeitung, von internen Richtlinien und vom Datenschutzumfeld beeinflusst. Eine für alle Standorte gleiche, allgemeine Antwort gibt es nicht; die Speicherordnung ist fachlich begründet festzulegen.",legal_review_required
biztonsagtechnika:DE_ONLY.faq.9.q,faq.9.q,[DE-only addition — no HU source],Wer führt die Interessenabwägung für eine Videoüberwachung durch?,legal_review_required
biztonsagtechnika:DE_ONLY.faq.9.a,faq.9.a,[DE-only addition — no HU source],"Die Interessenabwägung — etwa zur Stützung eines berechtigten Interesses nach der DSGVO — ist Teil des Datenschutzrahmens des Kunden als Verantwortlichem. Avenir liefert dafür die technische und betriebliche Grundlage: den dokumentierten Zweck, die Erfassungsbereiche sowie die Zugriffs- und Speicherlogik. Die Bewertung selbst und die Entscheidung über die Rechtsgrundlage verbleiben beim Kunden und seinen Beratern. Dies ist keine Rechtsberatung.",legal_review_required
biztonsagtechnika:DE_ONLY.faq.10.q,faq.10.q,[DE-only addition — no HU source],Wie lange dürfen Kameraaufnahmen gespeichert werden?,legal_review_required
biztonsagtechnika:DE_ONLY.faq.10.a,faq.10.a,[DE-only addition — no HU source],"Eine einheitliche, für alle Standorte gültige Speicherdauer gibt es nicht. Maßgeblich sind der dokumentierte Zweck der Aufzeichnung, das Risikoprofil des Standorts, der Bedarf der Vorfallbearbeitung, interne Richtlinien und der anwendbare Datenschutzrahmen — einschließlich des Grundsatzes der Speicherbegrenzung. Die Speicherordnung ist fachlich begründet festzulegen; die abschließende Entscheidung liegt beim Kunden als Verantwortlichem.",legal_review_required
biztonsagtechnika:hu.serviceDetail.relatedEyebrow,related.eyebrow,MÉG AZ AVENIRTŐL,WEITERES VON AVENIR,translated_draft
biztonsagtechnika:hu.serviceDetail.relatedTitle,related.title,Kapcsolódó szolgáltatások,Verwandte Leistungen,translated_draft
biztonsagtechnika:related.0.tavfelugyelet-vonuloszolgalat.nameHu,related.0.title,Távfelügyelet és vonulószolgálat,Fernüberwachung und Interventionsdienst,translated_draft
biztonsagtechnika:related.0.tavfelugyelet-vonuloszolgalat.shortDescHu,related.0.description,"Távfelügyelet és vonulószolgálat jelzésfogadással, riasztás-verifikációval, eszkalációval, eseménynaplózással és egyeztetett reagálási folyamattal.","Fernüberwachung und Interventionsdienst mit Alarmempfang, Alarmverifikation, Eskalation, Ereignisprotokollierung und abgestimmtem Reaktionsprozess.",translated_draft
biztonsagtechnika:related.1.objektumorzes.nameHu,related.1.title,Élőerős objektumőrzés,Objektschutz vor Ort,translated_draft
biztonsagtechnika:related.1.objektumorzes.shortDescHu,related.1.description,"Élőerős objektumőrzés beléptetéssel, járőrözéssel, incidenskezeléssel, szolgálati naplóval és egyeztetett eszkalációs renddel.","Objektschutz vor Ort mit Zutrittskontrolle, Kontrollgängen, Vorfallbearbeitung, Dienstbuch und abgestimmter Eskalationsordnung.",translated_draft
biztonsagtechnika:related.2.portaszolgalat.nameHu,related.2.title,Recepciós és portaszolgálat,Empfangs- und Pförtnerdienst,translated_draft
biztonsagtechnika:related.2.portaszolgalat.shortDescHu,related.2.description,"Recepciós és portaszolgálat látogatók, beszállítók, munkatársak, kulcsok, csomagok, naplózás és egyeztetett eszkaláció kezelésére.","Empfangs- und Pförtnerdienst für Besucher, Lieferanten, Mitarbeiter, Schlüssel, Pakete, Protokollierung und abgestimmte Eskalation.",translated_draft
biztonsagtechnika:related.3.hard-fm.nameHu,related.3.title,Hard FM,Hard FM,translated_draft
biztonsagtechnika:related.3.hard-fm.shortDescHu,related.3.description,"Hard FM tervezett megelőző karbantartással, reaktív hibakezeléssel, szakcéges koordinációval, dokumentált hibanaplóval és működési riportálással.","Hard FM mit geplanter vorbeugender Instandhaltung, reaktiver Störungsbearbeitung, Koordination von Fachfirmen, dokumentiertem Störungsprotokoll und betrieblichem Berichtswesen.",translated_draft
biztonsagtechnika:serviceDetail.hero.cta,cta.hero,Ajánlatkérés,Angebot anfordern,translated_draft
biztonsagtechnika:SERVICE_QUOTE_COPY.hu.button,cta.embedded.collapsedButton,Ajánlatkérés,Angebot anfordern,translated_draft
tavfelugyelet-vonuloszolgalat:seoTitleHu,meta.title,Távfelügyelet és vonulószolgálat | Avenir,Fernüberwachung und Interventionsdienst | Avenir,translated_draft
tavfelugyelet-vonuloszolgalat:seoDescriptionHu,meta.description,"Riasztási jelzések kezelése, eszkaláció, eseményrögzítés és vonulószolgálati folyamat biztonságtechnikával és őrzéssel összehangolva.","Bearbeitung von Alarmmeldungen, Eskalation, Ereigniserfassung und Interventionsdienst — abgestimmt mit Sicherheitstechnik und Objektschutz.",translated_draft
tavfelugyelet-vonuloszolgalat:nameHu,hero.h1,Távfelügyelet és vonulószolgálat,Fernüberwachung und Interventionsdienst,translated_draft
tavfelugyelet-vonuloszolgalat:valuePropositionHu,hero.subhead,"Az Avenir 24/7 diszpécseri háttérrel kezeli a csatlakoztatott helyszínekről érkező riasztási, behatolásjelzési és kamerajelzéseket; minden jelzés ellenőrzött eszkalációs folyamatba kerül, és az intézkedések eseménynaplóban rögzülnek.","Avenir bearbeitet mit einer 24/7-Leitstelle die Alarm-, Einbruch- und Kamerameldungen der aufgeschalteten Standorte; jede Meldung durchläuft einen geprüften Eskalationsprozess, und die Maßnahmen werden im Ereignisprotokoll festgehalten.",translated_draft
tavfelugyelet-vonuloszolgalat:PILOT_HU.longDesc.body.0,body.1,"Az Avenir az egyeztetett távfelügyeleti beállítás szerint fogadja a csatlakoztatott helyszínekről érkező riasztási, behatolásjelzési és kamerához kapcsolódó jelzéseket. A jelzések az előre rögzített verifikációs protokoll szerint kerülnek ellenőrzésre az eszkaláció előtt. A téves jelzések naplózhatók és elemezhetők; a valós események a helyszíni protokoll szerint a kijelölt kapcsolattartóhoz, vonulószolgálathoz vagy külső eszkalációs útvonalhoz kerülnek. Az intézkedések eseménynaplóban rögzülnek.","Avenir nimmt die Alarm-, Einbruch- und kamerabezogenen Meldungen der aufgeschalteten Standorte gemäß der vereinbarten Aufschaltungskonfiguration entgegen. Die Meldungen werden vor der Eskalation nach dem vorab festgelegten Verifikationsprotokoll geprüft. Fehlalarme können protokolliert und ausgewertet werden; reale Ereignisse werden nach dem Standortprotokoll an den benannten Ansprechpartner, den Interventionsdienst oder den externen Eskalationsweg weitergeleitet. Die Maßnahmen werden im Ereignisprotokoll festgehalten.",translated_draft
tavfelugyelet-vonuloszolgalat:PILOT_HU.longDesc.body.1,body.2,"Ha a szolgáltatás távfelügyeleti jelzéskezelést tartalmaz, a verifikációs lépés a működési eljárás része, és eseményenként dokumentálásra kerül. A távfelügyelet és a vonulószolgálat jogi és szerződéses keretei az előkészítés során kerülnek egyeztetésre; a külső eszkaláció az egyeztetett helyszíni protokoll és az alkalmazandó szabályok szerint történik.","Umfasst die Leistung die Meldungsbearbeitung der Fernüberwachung, ist der Verifikationsschritt Teil des Betriebsverfahrens und wird je Ereignis dokumentiert. Die rechtlichen und vertraglichen Rahmenbedingungen der Fernüberwachung und des Interventionsdienstes werden in der Vorbereitungsphase abgestimmt; die externe Eskalation erfolgt nach dem vereinbarten Standortprotokoll und den anwendbaren Vorschriften.",legal_review_required
tavfelugyelet-vonuloszolgalat:PILOT_HU.longDesc.body.2,body.3,"A távfelügyelet akkor működik jól, ha kapcsolódik a helyszín többi biztonsági rétegéhez: a biztonságtechnikához, az élőerős őrzéshez, a portaszolgálathoz és az egyeztetett reagálási folyamathoz. Így a jelzéskezelés, az eszkaláció, az eseménynaplózás és a lezárás egy működési modellbe rendeződik.","Die Fernüberwachung funktioniert dann gut, wenn sie mit den übrigen Sicherheitsebenen des Standorts verbunden ist: mit der Sicherheitstechnik, dem Objektschutz, dem Pförtnerdienst und dem abgestimmten Reaktionsprozess. So fügen sich Meldungsbearbeitung, Eskalation, Ereignisprotokollierung und Abschluss zu einem Betriebsmodell zusammen.",translated_draft
tavfelugyelet-vonuloszolgalat:hu.serviceDetail.useCasesEyebrow,useCases.eyebrow,KINEK AJÁNLJUK,EMPFOHLEN FÜR,translated_draft
tavfelugyelet-vonuloszolgalat:hu.serviceDetail.useCasesTitle,useCases.title,Kinek jó,Für wen geeignet,translated_draft
tavfelugyelet-vonuloszolgalat:PILOT_HU.useCases.0,useCases.0,"Ipari és logisztikai helyszínek behatolásjelzési, riasztási vagy peremvédelmi jelzésekkel","Industrie- und Logistikstandorte mit Einbruch-, Alarm- oder Perimeterschutz-Meldungen",translated_draft
tavfelugyelet-vonuloszolgalat:PILOT_HU.useCases.1,useCases.1,"Irodaházak, raktárak és üzleti központok kamerával felügyelt zónákkal","Bürogebäude, Lager und Businesscenter mit kameraüberwachten Zonen",translated_draft
tavfelugyelet-vonuloszolgalat:PILOT_HU.useCases.2,useCases.2,"Beléptetéssel vagy behatolásjelzéssel működő helyszínek, ahol 24/7 jelzéskezelés szükséges","Standorte mit Zutrittskontrolle oder Einbruchmeldung, an denen eine 24/7-Meldungsbearbeitung erforderlich ist",translated_draft
tavfelugyelet-vonuloszolgalat:PILOT_HU.useCases.3,useCases.3,Több bérlős vagy több helyszínes működés dokumentált eszkalációs lánccal,Betrieb mit mehreren Mietern oder Standorten und dokumentierter Eskalationskette,translated_draft
tavfelugyelet-vonuloszolgalat:PILOT_HU.useCases.4,useCases.4,"Meglévő távfelügyeleti vagy vonulószolgálati folyamatok felülvizsgálata verifikációs, reagálási vagy riportálási hiányosságok miatt","Überprüfung bestehender Fernüberwachungs- oder Interventionsprozesse wegen Lücken bei Verifikation, Reaktion oder Berichtswesen",translated_draft
tavfelugyelet-vonuloszolgalat:hu.serviceDetail.includedEyebrow,included.eyebrow,TARTALOM,LEISTUNGSUMFANG,translated_draft
tavfelugyelet-vonuloszolgalat:hu.serviceDetail.includedTitle,included.title,Mit tartalmaz,Was enthalten ist,translated_draft
tavfelugyelet-vonuloszolgalat:PILOT_HU.includedItems.0,includedItems.0,24/7 riasztási és kamerajelzések fogadása az egyeztetett távfelügyeleti beállítás szerint,24/7-Entgegennahme von Alarm- und Kamerameldungen gemäß der vereinbarten Aufschaltungskonfiguration,translated_draft
tavfelugyelet-vonuloszolgalat:PILOT_HU.includedItems.1,includedItems.1,"Verifikált riasztási protokoll, eseményenként dokumentált ellenőrzési lépéssel",Verifiziertes Alarmprotokoll mit je Ereignis dokumentiertem Prüfschritt,translated_draft
tavfelugyelet-vonuloszolgalat:PILOT_HU.includedItems.2,includedItems.2,"Név szerinti kapcsolattartási lánc, eszkalációs mátrix és értesítési szabályok","Namentliche Kontaktkette, Eskalationsmatrix und Benachrichtigungsregeln",translated_draft
tavfelugyelet-vonuloszolgalat:PILOT_HU.includedItems.3,includedItems.3,Saját vonulószolgálati folyamat egyeztetett szerződéses feltételek szerint,Eigener Interventionsdienst nach vereinbarten Vertragsbedingungen,translated_draft
tavfelugyelet-vonuloszolgalat:PILOT_HU.includedItems.4,includedItems.4,Időbélyegzett eseménynapló és eseményriport,Ereignisprotokoll mit Zeitstempel und Ereignisbericht,translated_draft
tavfelugyelet-vonuloszolgalat:PILOT_HU.includedItems.5,includedItems.5,"Kapcsolódás a helyszín biztonságtechnikájához, élőerős őrzéséhez és portaszolgálatához","Anbindung an Sicherheitstechnik, Objektschutz und Pförtnerdienst des Standorts",translated_draft
tavfelugyelet-vonuloszolgalat:hu.serviceDetail.processEyebrow,process.eyebrow,FOLYAMAT,ABLAUF,translated_draft
tavfelugyelet-vonuloszolgalat:hu.serviceDetail.processTitle,process.title,Hogyan indul az együttműködés,So startet die Zusammenarbeit,translated_draft
tavfelugyelet-vonuloszolgalat:PILOT_HU.processSteps.0.title,processSteps.0.title,Helyszíni és technikai adottságok áttekintése,Überblick über Standort und technische Gegebenheiten,translated_draft
tavfelugyelet-vonuloszolgalat:PILOT_HU.processSteps.0.body,processSteps.0.body,"Áttekintjük a riasztási pontokat, jelzésforrásokat, technikai adottságokat és a helyszín őrzési vagy portaszolgálati működését.","Wir prüfen die Alarmpunkte, Meldungsquellen, technischen Gegebenheiten sowie den Objektschutz- oder Pförtnerbetrieb des Standorts.",translated_draft
tavfelugyelet-vonuloszolgalat:PILOT_HU.processSteps.1.title,processSteps.1.title,Jelzésforrások és verifikációs pontok feltérképezése,Erfassung von Meldungsquellen und Verifikationspunkten,translated_draft
tavfelugyelet-vonuloszolgalat:PILOT_HU.processSteps.1.body,processSteps.1.body,"Meghatározzuk, milyen jelzések keletkezhetnek, milyen forrásból érkeznek, milyen ellenőrzési pontok kapcsolódnak hozzájuk, és hogyan kell dokumentálni a verifikációt.","Wir bestimmen, welche Meldungen entstehen können, aus welchen Quellen sie kommen, welche Prüfpunkte dazugehören und wie die Verifikation zu dokumentieren ist.",translated_draft
tavfelugyelet-vonuloszolgalat:PILOT_HU.processSteps.2.title,processSteps.2.title,Kapcsolattartási lánc és eszkalációs mátrix kialakítása,Gestaltung der Kontaktkette und Eskalationsmatrix,translated_draft
tavfelugyelet-vonuloszolgalat:PILOT_HU.processSteps.2.body,processSteps.2.body,"Rögzítjük, milyen esemény esetén kit kell értesíteni, milyen sorrendben történjen az eszkaláció, és milyen esemény indít vonulószolgálati vagy külső reagálási folyamatot.","Wir legen fest, wer bei welchem Ereignis zu benachrichtigen ist, in welcher Reihenfolge eskaliert wird und welches Ereignis einen Interventions- oder externen Reaktionsprozess auslöst.",translated_draft
tavfelugyelet-vonuloszolgalat:PILOT_HU.processSteps.3.title,processSteps.3.title,Vonulószolgálati működés egyeztetett feltételek szerint,Interventionsdienst nach vereinbarten Bedingungen,translated_draft
tavfelugyelet-vonuloszolgalat:PILOT_HU.processSteps.3.body,processSteps.3.body,"A helyszíni reagálási folyamatot a technikai adottságokhoz, a szolgáltatási területhez és a szerződéses feltételekhez igazítjuk.","Den Reaktionsprozess vor Ort stimmen wir auf die technischen Gegebenheiten, das Einsatzgebiet und die vertraglichen Bedingungen ab.",translated_draft
tavfelugyelet-vonuloszolgalat:PILOT_HU.processSteps.4.title,processSteps.4.title,Eseménynaplózási és riportálási szabályok,Regeln für Ereignisprotokollierung und Berichtswesen,translated_draft
tavfelugyelet-vonuloszolgalat:PILOT_HU.processSteps.4.body,processSteps.4.body,"Meghatározzuk, mit kell naplózni, milyen riport készüljön, milyen lezárási státuszok használhatók, és hogyan legyen visszakereshető az eseménykezelés.","Wir definieren, was zu protokollieren ist, welcher Bericht erstellt wird, welche Abschlussstatus verwendet werden und wie die Ereignisbearbeitung rückverfolgbar bleibt.",translated_draft
tavfelugyelet-vonuloszolgalat:PILOT_HU.processSteps.5.title,processSteps.5.title,"Indítás, működéskövetés és finomhangolás","Start, Betriebsbegleitung und Feinjustierung",translated_draft
tavfelugyelet-vonuloszolgalat:PILOT_HU.processSteps.5.body,processSteps.5.body,"Az indulás után a visszatérő jelzéseket, tapasztalatokat és riportokat egyeztetjük, majd szükség szerint pontosítjuk a folyamatot.","Nach dem Start stimmen wir wiederkehrende Meldungen, Erfahrungen und Berichte ab und präzisieren den Prozess bei Bedarf.",translated_draft
tavfelugyelet-vonuloszolgalat:hu.serviceDetail.trustEyebrow,trust.eyebrow,MIÉRT BÍZHAT BENNÜNK,WARUM SIE UNS VERTRAUEN KÖNNEN,translated_draft
tavfelugyelet-vonuloszolgalat:hu.serviceDetail.trustTitle,trust.title,Bizalmi elemek,Vertrauenselemente,translated_draft
tavfelugyelet-vonuloszolgalat:PILOT_HU.trustItems.0.title,trustItems.0.title,24/7 jelzésfogadás verifikált eszkalációval,24/7-Meldungsempfang mit verifizierter Eskalation,translated_draft
tavfelugyelet-vonuloszolgalat:PILOT_HU.trustItems.0.body,trustItems.0.body,"Az Avenir 24/7 jelzésfogadást biztosít a csatlakoztatott helyszínekhez, a riasztások pedig az egyeztetett verifikációs protokoll szerint kerülnek ellenőrzésre az eszkaláció előtt.",Avenir stellt für die aufgeschalteten Standorte einen 24/7-Meldungsempfang sicher; die Alarme werden vor der Eskalation nach dem vereinbarten Verifikationsprotokoll geprüft.,translated_draft
tavfelugyelet-vonuloszolgalat:PILOT_HU.trustItems.1.title,trustItems.1.title,Dokumentált riasztás-verifikációs napló,Dokumentiertes Alarmverifikationsprotokoll,translated_draft
tavfelugyelet-vonuloszolgalat:PILOT_HU.trustItems.1.body,trustItems.1.body,"Minden jelzés, ellenőrzési lépés és eszkalációs döntés eseménynaplóban rögzül, amely a szolgáltatási megállapodás szerint visszakereshető.","Jede Meldung, jeder Prüfschritt und jede Eskalationsentscheidung wird im Ereignisprotokoll festgehalten, das gemäß der Servicevereinbarung rückverfolgbar ist.",translated_draft
tavfelugyelet-vonuloszolgalat:PILOT_HU.trustItems.2.title,trustItems.2.title,Név szerinti kapcsolattartási lánc és eszkalációs mátrix,Namentliche Kontaktkette und Eskalationsmatrix,translated_draft
tavfelugyelet-vonuloszolgalat:PILOT_HU.trustItems.2.body,trustItems.2.body,"Az értesítési sorrend, a kijelölt kapcsolattartók és a reagálási kiváltó pontok előre egyeztetve és helyszínenként dokumentálva vannak.","Benachrichtigungsreihenfolge, benannte Ansprechpartner und Reaktionsauslöser sind vorab abgestimmt und je Standort dokumentiert.",translated_draft
tavfelugyelet-vonuloszolgalat:PILOT_HU.trustItems.3.title,trustItems.3.title,"Működési integráció biztonságtechnikával, őrzéssel és portaszolgálattal","Betriebliche Integration mit Sicherheitstechnik, Objektschutz und Pförtnerdienst",translated_draft
tavfelugyelet-vonuloszolgalat:PILOT_HU.trustItems.3.body,trustItems.3.body,"A távfelügyelet a helyszín kamerarendszerével, beléptetésével, élőerős őrzésével és portaszolgálatával együtt működik, hogy a jelzéskezelés és a reagálás egy működési modell szerint történjen.","Die Fernüberwachung arbeitet mit dem Kamerasystem, der Zutrittskontrolle, dem Objektschutz und dem Pförtnerdienst des Standorts zusammen, damit Meldungsbearbeitung und Reaktion nach einem Betriebsmodell erfolgen.",translated_draft
tavfelugyelet-vonuloszolgalat:PILOT_HU.trustItems.4.title,trustItems.4.title,Eseményrögzítés és időszakos incidensriport,Ereigniserfassung und periodischer Vorfallbericht,translated_draft
tavfelugyelet-vonuloszolgalat:PILOT_HU.trustItems.4.body,trustItems.4.body,"Az ügyfél az egyeztetett gyakoriság szerint eseményriportot kap; az eseménynapló támogatja a téves jelzések, visszatérő események és fejlesztési pontok áttekintését.","Der Kunde erhält nach der vereinbarten Häufigkeit einen Ereignisbericht; das Ereignisprotokoll unterstützt die Auswertung von Fehlalarmen, wiederkehrenden Ereignissen und Verbesserungspunkten.",translated_draft
tavfelugyelet-vonuloszolgalat:PILOT_HU.trustItems.5.title,trustItems.5.title,ISO 9001 és ISO 27001 irányítási rendszerek,Managementsysteme nach ISO 9001 und ISO 27001,translated_draft
tavfelugyelet-vonuloszolgalat:PILOT_HU.trustItems.5.body,trustItems.5.body,"A távfelügyeleti működést az Avenir ISO 9001 és ISO 27001 tanúsított irányítási rendszerei támogatják, amennyiben ezek a folyamatok a tanúsított működési körbe tartoznak.","Der Fernüberwachungsbetrieb wird durch die nach ISO 9001 und ISO 27001 zertifizierten Managementsysteme von Avenir unterstützt, sofern diese Prozesse in den zertifizierten Geltungsbereich fallen.",translated_draft
tavfelugyelet-vonuloszolgalat:hu.serviceDetail.faqEyebrow,faq.eyebrow,GYAKORI KÉRDÉSEK,HÄUFIGE FRAGEN,translated_draft
tavfelugyelet-vonuloszolgalat:hu.serviceDetail.faqTitle,faq.title,Mit kérdeznek leggyakrabban,Was am häufigsten gefragt wird,translated_draft
tavfelugyelet-vonuloszolgalat:PILOT_HU.faq.0.q,faq.0.q,Mit jelent a távfelügyelet az Avenir szolgáltatásában?,Was bedeutet Fernüberwachung in der Leistung von Avenir?,translated_draft
tavfelugyelet-vonuloszolgalat:PILOT_HU.faq.0.a,faq.0.a,"Az Avenir a csatlakoztatott helyszínekről érkező riasztási, behatolásjelzési, kamerához kapcsolódó vagy más biztonságtechnikai jelzéseket fogadja, ellenőrzi, naplózza és az egyeztetett protokoll szerint eszkalálja.","Avenir nimmt die von den aufgeschalteten Standorten eingehenden Alarm-, Einbruch-, kamerabezogenen oder sonstigen sicherheitstechnischen Meldungen entgegen, prüft und protokolliert sie und eskaliert sie nach dem vereinbarten Protokoll.",translated_draft
tavfelugyelet-vonuloszolgalat:PILOT_HU.faq.1.q,faq.1.q,Mi a különbség a távfelügyelet és a vonulószolgálat között?,Was ist der Unterschied zwischen Fernüberwachung und Interventionsdienst?,translated_draft
tavfelugyelet-vonuloszolgalat:PILOT_HU.faq.1.a,faq.1.a,"A távfelügyelet a jelzések fogadására és kezelésére fókuszál, míg a vonulószolgálat szerződéses feltételek alapján helyszíni reagálási folyamatot biztosíthat. A két működés együtt ad teljesebb jelzéskezelési és reagálási rendszert.","Die Fernüberwachung konzentriert sich auf die Entgegennahme und Bearbeitung der Meldungen, während der Interventionsdienst auf vertraglicher Grundlage einen Reaktionsprozess vor Ort sicherstellen kann. Zusammen ergeben beide ein vollständigeres Meldungs- und Reaktionssystem.",translated_draft
tavfelugyelet-vonuloszolgalat:PILOT_HU.faq.2.q,faq.2.q,Milyen jelzések kezelhetők?,Welche Meldungen können bearbeitet werden?,translated_draft
tavfelugyelet-vonuloszolgalat:PILOT_HU.faq.2.a,faq.2.a,"A folyamat kapcsolódhat behatolásjelzőhöz, riasztási eseményhez, kamerarendszerhez, beléptetési eseményhez, peremvédelmi jelzéshez vagy más biztonságtechnikai jelzéshez. A pontos jelzéstípusokat a helyszíni adottságok és a szerződéses igények alapján kell rögzíteni.","Der Prozess kann an Einbruchmeldeanlagen, Alarmereignisse, Kamerasysteme, Zutrittsereignisse, Perimeterschutz-Meldungen oder andere sicherheitstechnische Meldungen anschließen. Die genauen Meldungstypen sind auf Grundlage der Standortgegebenheiten und der vertraglichen Anforderungen festzulegen.",translated_draft
tavfelugyelet-vonuloszolgalat:PILOT_HU.faq.3.q,faq.3.q,Hogyan történik a riasztás ellenőrzése az eszkaláció előtt?,Wie wird ein Alarm vor der Eskalation geprüft?,translated_draft
tavfelugyelet-vonuloszolgalat:PILOT_HU.faq.3.a,faq.3.a,A verifikációs lépés a helyszíni protokollban kerül meghatározásra. Az Avenir a rendelkezésre álló jelzésforrások és az egyeztetett ellenőrzési szabály alapján vizsgálja a riasztást az eszkaláció előtt. A téves jelzések naplózhatók és visszanézhetők; a valós események a dokumentált kapcsolattartási és reagálási protokoll szerint kerülnek eszkalálásra. Minden lépés eseménynaplóban rögzül.,Der Verifikationsschritt wird im Standortprotokoll festgelegt. Avenir prüft den Alarm vor der Eskalation anhand der verfügbaren Meldungsquellen und der vereinbarten Prüfregel. Fehlalarme können protokolliert und nachträglich ausgewertet werden; reale Ereignisse werden nach dem dokumentierten Kontakt- und Reaktionsprotokoll eskaliert. Jeder Schritt wird im Ereignisprotokoll festgehalten.,translated_draft
tavfelugyelet-vonuloszolgalat:PILOT_HU.faq.4.q,faq.4.q,Rendelkezik az Avenir a távfelügyelethez és vonulószolgálathoz szükséges engedélyekkel?,Verfügt Avenir über die für Fernüberwachung und Interventionsdienst erforderlichen Genehmigungen?,translated_draft
tavfelugyelet-vonuloszolgalat:PILOT_HU.faq.4.a,faq.4.a,Igen. A távfelügyelet és a vonulószolgálat az alkalmazandó magyar személy- és vagyonvédelmi szabályozási keret szerint történik. Az engedélyre és a szolgáltatási dokumentációra vonatkozó információk a szerződéses előkészítés során egyeztethetők.,Ja. Fernüberwachung und Interventionsdienst erfolgen nach dem anwendbaren ungarischen Regulierungsrahmen für Personen- und Vermögensschutz. Informationen zur Genehmigung und zur Leistungsdokumentation können im Rahmen der Vertragsvorbereitung abgestimmt werden.,legal_review_required
tavfelugyelet-vonuloszolgalat:PILOT_HU.faq.5.q,faq.5.q,Van garantált kiérkezési idő?,Gibt es eine garantierte Anfahrtszeit?,translated_draft
tavfelugyelet-vonuloszolgalat:PILOT_HU.faq.5.a,faq.5.a,"A vonulószolgálati folyamatot a szerződéses feltételek, a helyszín, a technikai adottságok és a szolgáltatási terület alapján kell meghatározni. Emiatt a kiérkezési vagy reagálási szabályokat mindig az együttműködés elején érdemes pontosan rögzíteni.","Der Interventionsprozess ist auf Grundlage der Vertragsbedingungen, des Standorts, der technischen Gegebenheiten und des Einsatzgebiets festzulegen. Deshalb sollten die Anfahrts- bzw. Reaktionsregeln immer zu Beginn der Zusammenarbeit genau festgehalten werden.",translated_draft
tavfelugyelet-vonuloszolgalat:PILOT_HU.faq.6.q,faq.6.q,Hogyan történik az eszkaláció?,Wie erfolgt die Eskalation?,translated_draft
tavfelugyelet-vonuloszolgalat:PILOT_HU.faq.6.a,faq.6.a,"Az eszkaláció a helyszíni protokollban rögzített név szerinti kapcsolattartási lánc, értesítési sorrend és reagálási mátrix szerint történik. A protokoll határozza meg, mikor kell kijelölt kapcsolattartót, vonulószolgálatot vagy külső eszkalációs útvonalat bevonni.","Die Eskalation erfolgt nach der im Standortprotokoll festgehaltenen namentlichen Kontaktkette, Benachrichtigungsreihenfolge und Reaktionsmatrix. Das Protokoll legt fest, wann ein benannter Ansprechpartner, der Interventionsdienst oder ein externer Eskalationsweg einzubeziehen ist.",translated_draft
tavfelugyelet-vonuloszolgalat:PILOT_HU.faq.7.q,faq.7.q,Kapunk eseményriportot?,Erhalten wir einen Ereignisbericht?,translated_draft
tavfelugyelet-vonuloszolgalat:PILOT_HU.faq.7.a,faq.7.a,"Igen. Az ügyfél az egyeztetett gyakoriság szerint eseményriportot kap; a riport formátuma, gyakorisága és tartalma az együttműködés elején rögzíthető.","Ja. Der Kunde erhält nach der vereinbarten Häufigkeit einen Ereignisbericht; Format, Häufigkeit und Inhalt des Berichts können zu Beginn der Zusammenarbeit festgelegt werden.",translated_draft
tavfelugyelet-vonuloszolgalat:PILOT_HU.faq.8.q,faq.8.q,Hogyan dokumentálhatók a riasztási jelzések és események?,Wie lassen sich Alarmmeldungen und Ereignisse dokumentieren?,translated_draft
tavfelugyelet-vonuloszolgalat:PILOT_HU.faq.8.a,faq.8.a,"A jelzések időbélyegzett eseménynaplóban rögzíthetők: mikor érkezett a jelzés, milyen ellenőrzési lépés történt, milyen értesítési lánc indult el, történt-e eszkaláció, milyen intézkedés következett, és mi lett a lezárási státusz. A részleteket a helyszíni és szerződéses szabályok alapján kell meghatározni.","Die Meldungen können in einem Ereignisprotokoll mit Zeitstempel erfasst werden: wann die Meldung einging, welcher Prüfschritt erfolgte, welche Benachrichtigungskette anlief, ob eskaliert wurde, welche Maßnahme folgte und welcher Abschlussstatus vergeben wurde. Die Einzelheiten sind nach den Standort- und Vertragsregeln festzulegen.",translated_draft
tavfelugyelet-vonuloszolgalat:PILOT_HU.faq.9.q,faq.9.q,Összekapcsolható a távfelügyelet a biztonságtechnikával?,Lässt sich die Fernüberwachung mit der Sicherheitstechnik verbinden?,translated_draft
tavfelugyelet-vonuloszolgalat:PILOT_HU.faq.9.a,faq.9.a,"Igen. A távfelügyelet akkor működik jól, ha a kamerarendszer, behatolásjelző, beléptetés, objektumőrzés és portaszolgálat folyamatai összehangoltan támogatják egymást.","Ja. Die Fernüberwachung funktioniert dann gut, wenn sich Kamerasystem, Einbruchmeldeanlage, Zutrittskontrolle, Objektschutz und Pförtnerdienst in ihren Prozessen abgestimmt unterstützen.",translated_draft
tavfelugyelet-vonuloszolgalat:PILOT_HU.faq.10.q,faq.10.q,Hogyan kezeljük az adatvédelmi szempontokat a távfelügyeleti működésben?,Wie werden Datenschutzaspekte im Fernüberwachungsbetrieb behandelt?,translated_draft
tavfelugyelet-vonuloszolgalat:PILOT_HU.faq.10.a,faq.10.a,"A távfelügyeletben használt jelzések, kameraképek és beléptetési események kizárólag az egyeztetett távfelügyeleti cél szerint és az ügyfél adatvédelmi keretei alapján kezelhetők. A megőrzés, a hozzáférésnaplózás és az adatminimalizálás szabályai helyszínenként kerülnek meghatározásra. Az Avenir a folyamat technikai és működési oldalát támogatja; a jogalap és a végső adatvédelmi döntések az ügyfél és tanácsadói körében maradnak.","Die in der Fernüberwachung genutzten Meldungen, Kamerabilder und Zutrittsereignisse dürfen ausschließlich zum vereinbarten Fernüberwachungszweck und im Datenschutzrahmen des Kunden verarbeitet werden. Die Regeln für Speicherung, Zugriffsprotokollierung und Datenminimierung werden je Standort festgelegt. Avenir unterstützt die technische und betriebliche Seite des Prozesses; die Rechtsgrundlage und die abschließenden Datenschutzentscheidungen verbleiben beim Kunden und seinen Beratern.",legal_review_required
tavfelugyelet-vonuloszolgalat:PILOT_HU.faq.11.q,faq.11.q,Mikor érdemes helyszíni biztonsági felmérést kérni?,Wann ist eine Sicherheitsbegehung vor Ort sinnvoll?,translated_draft
tavfelugyelet-vonuloszolgalat:PILOT_HU.faq.11.a,faq.11.a,"Helyszíni biztonsági felmérés akkor hasznos, ha új riasztási vagy távfelügyeleti működést kell kialakítani, visszatérő jelzések vannak, változik a beléptetési rend, vagy a meglévő reagálási és eszkalációs folyamatokat szeretnék átláthatóbbá tenni.","Eine Sicherheitsbegehung vor Ort ist sinnvoll, wenn ein neuer Alarm- oder Fernüberwachungsbetrieb aufzubauen ist, wiederkehrende Meldungen auftreten, sich die Zutrittsordnung ändert oder die bestehenden Reaktions- und Eskalationsprozesse transparenter gestaltet werden sollen.",translated_draft
tavfelugyelet-vonuloszolgalat:hu.serviceDetail.relatedEyebrow,related.eyebrow,MÉG AZ AVENIRTŐL,WEITERES VON AVENIR,translated_draft
tavfelugyelet-vonuloszolgalat:hu.serviceDetail.relatedTitle,related.title,Kapcsolódó szolgáltatások,Verwandte Leistungen,translated_draft
tavfelugyelet-vonuloszolgalat:related.0.biztonsagtechnika.nameHu,related.0.title,Biztonságtechnika,Sicherheitstechnik,translated_draft
tavfelugyelet-vonuloszolgalat:related.0.biztonsagtechnika.shortDescHu,related.0.description,"Biztonságtechnika kamerarendszerhez, beléptetéshez és riasztási folyamatokhoz, helyszínre szabott biztonsági modellbe illesztve, adatvédelmi szempontokat beépítő technikai tervezéssel.","Sicherheitstechnik für Kamerasysteme, Zutrittskontrolle und Alarmprozesse, eingebettet in ein standortgerechtes Sicherheitsmodell, mit technischer Planung, die Datenschutzaspekte einbezieht.",translated_draft
tavfelugyelet-vonuloszolgalat:related.1.objektumorzes.nameHu,related.1.title,Élőerős objektumőrzés,Objektschutz vor Ort,translated_draft
tavfelugyelet-vonuloszolgalat:related.1.objektumorzes.shortDescHu,related.1.description,"Élőerős objektumőrzés beléptetéssel, járőrözéssel, incidenskezeléssel, szolgálati naplóval és egyeztetett eszkalációs renddel.","Objektschutz vor Ort mit Zutrittskontrolle, Kontrollgängen, Vorfallbearbeitung, Dienstbuch und abgestimmter Eskalationsordnung.",translated_draft
tavfelugyelet-vonuloszolgalat:related.2.portaszolgalat.nameHu,related.2.title,Recepciós és portaszolgálat,Empfangs- und Pförtnerdienst,translated_draft
tavfelugyelet-vonuloszolgalat:related.2.portaszolgalat.shortDescHu,related.2.description,"Recepciós és portaszolgálat látogatók, beszállítók, munkatársak, kulcsok, csomagok, naplózás és egyeztetett eszkaláció kezelésére.","Empfangs- und Pförtnerdienst für Besucher, Lieferanten, Mitarbeiter, Schlüssel, Pakete, Protokollierung und abgestimmte Eskalation.",translated_draft
tavfelugyelet-vonuloszolgalat:related.3.hard-fm.nameHu,related.3.title,Hard FM,Hard FM,translated_draft
tavfelugyelet-vonuloszolgalat:related.3.hard-fm.shortDescHu,related.3.description,"Hard FM tervezett megelőző karbantartással, reaktív hibakezeléssel, szakcéges koordinációval, dokumentált hibanaplóval és működési riportálással.","Hard FM mit geplanter vorbeugender Instandhaltung, reaktiver Störungsbearbeitung, Koordination von Fachfirmen, dokumentiertem Störungsprotokoll und betrieblichem Berichtswesen.",translated_draft
tavfelugyelet-vonuloszolgalat:serviceDetail.hero.cta,cta.hero,Ajánlatkérés,Angebot anfordern,translated_draft
tavfelugyelet-vonuloszolgalat:SERVICE_QUOTE_COPY.hu.button,cta.embedded.collapsedButton,Ajánlatkérés,Angebot anfordern,translated_draft
soft-fm:seoTitleHu,meta.title,Soft FM szolgáltatások vállalati helyszínekre | Avenir,Soft FM – Infrastrukturelles Gebäudemanagement | Avenir,translated_draft
soft-fm:seoDescriptionHu,meta.description,"Soft FM szolgáltatások takarítási koordinációval, zöldterület-gondozással, higiéniai folyamatokkal, operatív támogatással és riportálással.","Soft-FM-Leistungen mit Reinigungskoordination, Grünpflege, Hygieneprozessen, operativer Unterstützung und Berichtswesen.",translated_draft
soft-fm:nameHu,hero.h1,Soft FM,Soft FM – Infrastrukturelles Gebäudemanagement,translated_draft
soft-fm:valuePropositionHu,hero.subhead,"A Soft FM a helyszín napi működését támogató szolgáltatásokat fogja össze: takarítás, kertészet, higiénia, hulladékkezelési támogatás és szolgáltatói koordináció, egyeztetett scope-on, meghatározott minőségi szempontok szerint, rendszeres riportálási ritmusban.","Soft FM bündelt die Leistungen, die den täglichen Betrieb des Standorts unterstützen: Reinigung, Grünpflege, Hygiene, Unterstützung bei der Abfallentsorgung und Dienstleisterkoordination — mit vereinbartem Leistungsumfang, definierten Qualitätskriterien und regelmäßigem Berichtsrhythmus.",translated_draft
soft-fm:PILOT_HU.longDesc.body.0,body.1,"Az Avenir Soft FM szolgáltatása a helyszín napi, nem műszaki működését támogató feladatokat fogja össze: takarítás, kertészeti és higiéniai folyamatok, hulladékkezelési támogatás, szolgáltatói koordináció és helyszíni működési támogatás. A szerződés indulásakor az Avenir az ügyféllel együtt rögzíti a szolgáltatási modellt: saját munkatársak, jóváhagyott alvállalkozók vagy meglévő ügyféloldali szolgáltatók Avenir-koordináció alatt, az egyeztetett helyszíni modell szerint.","Die Soft-FM-Leistung von Avenir bündelt die Aufgaben, die den täglichen, nicht technischen Betrieb des Standorts unterstützen: Reinigung, Grünpflege- und Hygieneprozesse, Unterstützung bei der Abfallentsorgung, Dienstleisterkoordination und operative Unterstützung vor Ort. Zum Vertragsbeginn legt Avenir gemeinsam mit dem Kunden das Leistungsmodell fest: eigene Mitarbeiter, freigegebene Nachunternehmer oder bestehende kundenseitige Dienstleister unter Koordination von Avenir, nach dem vereinbarten Standortmodell.",translated_draft
soft-fm:PILOT_HU.longDesc.body.1,body.2,"A Soft FM együttműködés írásos scope-pal indul: területek, feladatgyakoriságok, minőségi elvárások, riportálási ritmus és eszkalációs útvonalak. A cél nem nyitott, „ahogy szükséges” jellegű működés, hanem előre rögzített, ellenőrizhető és riportálható szolgáltatási keret.","Die Soft-FM-Zusammenarbeit startet mit einem schriftlichen Leistungsumfang: Flächen, Aufgabenfrequenzen, Qualitätsanforderungen, Berichtsrhythmus und Eskalationswege. Ziel ist kein offener Betrieb „nach Bedarf“, sondern ein vorab festgelegter, überprüfbarer und berichtsfähiger Leistungsrahmen.",translated_draft
soft-fm:PILOT_HU.longDesc.body.2,body.3,"Ha az ügyfél meglévő takarítási, kertészeti, higiéniai vagy egyéb szolgáltatókkal dolgozik, az Avenir átveheti a koordinációs réteget: a napi helyszíni egyeztetést, a minőségellenőrzést és a riportálást, hogy az ügyfél ne több széttagolt szerződésből, hanem egy összefogott működési képből dolgozzon.","Arbeitet der Kunde mit bestehenden Reinigungs-, Grünpflege-, Hygiene- oder sonstigen Dienstleistern, kann Avenir die Koordinationsebene übernehmen: die tägliche Abstimmung vor Ort, die Qualitätskontrolle und das Berichtswesen — damit der Kunde nicht mit mehreren getrennten Verträgen, sondern mit einem zusammengeführten Betriebsbild arbeitet.",translated_draft
soft-fm:hu.serviceDetail.useCasesEyebrow,useCases.eyebrow,KINEK AJÁNLJUK,EMPFOHLEN FÜR,translated_draft
soft-fm:hu.serviceDetail.useCasesTitle,useCases.title,Kinek jó,Für wen geeignet,translated_draft
soft-fm:PILOT_HU.useCases.0,useCases.0,"Irodaházak és üzleti központok, ahol a bérlők látható nappali szolgáltatási színvonalat várnak el","Bürogebäude und Businesscenter, in denen Mieter ein sichtbares Serviceniveau am Tag erwarten",translated_draft
soft-fm:PILOT_HU.useCases.1,useCases.1,"Ipari vagy logisztikai helyszínek, ahol a takarításnak, higiéniai folyamatoknak és hulladékkezelési támogatásnak a műszakrendhez kell igazodnia","Industrie- oder Logistikstandorte, an denen sich Reinigung, Hygieneprozesse und Abfallentsorgungs-Unterstützung am Schichtbetrieb ausrichten müssen",translated_draft
soft-fm:PILOT_HU.useCases.2,useCases.2,"Több helyszínes portfóliók, ahol egységes scope-ra, gyakoriságokra és riportálásra van szükség","Portfolios mit mehreren Standorten, die einen einheitlichen Leistungsumfang, einheitliche Frequenzen und ein einheitliches Berichtswesen benötigen",translated_draft
soft-fm:PILOT_HU.useCases.3,useCases.3,"Helyszínek, ahol több külön szolgáltató koordinációja ma az ügyfél feladata","Standorte, an denen die Koordination mehrerer separater Dienstleister heute Aufgabe des Kunden ist",translated_draft
soft-fm:PILOT_HU.useCases.4,useCases.4,"Működések, ahol a Soft FM, Hard FM, portaszolgálat és őrzés egy operatív felületen kapcsolódhat össze","Betriebe, in denen Soft FM, Hard FM, Pförtnerdienst und Objektschutz über eine operative Schnittstelle verbunden werden können",translated_draft
soft-fm:PILOT_HU.useCases.5,useCases.5,"Helyzetek, ahol a beszerzési, ESG- vagy auditcsapat írásos riportot vár az egyeztetett KPI-k és minőségi szempontok alapján","Situationen, in denen Einkaufs-, ESG- oder Auditteams schriftliche Berichte nach vereinbarten KPIs und Qualitätskriterien erwarten",translated_draft
soft-fm:hu.serviceDetail.includedEyebrow,included.eyebrow,TARTALOM,LEISTUNGSUMFANG,translated_draft
soft-fm:hu.serviceDetail.includedTitle,included.title,Mit tartalmaz,Was enthalten ist,translated_draft
soft-fm:PILOT_HU.includedItems.0,includedItems.0,Napi takarítási működés az egyeztetett területeken és feladatgyakoriságok szerint,Tägliche Unterhaltsreinigung in den vereinbarten Flächen und nach den vereinbarten Aufgabenfrequenzen,translated_draft
soft-fm:PILOT_HU.includedItems.1,includedItems.1,"Időszakos takarítási feladatok, például padló-, üveg- vagy szőnyegtisztítás, ha a scope tartalmazza","Periodische Reinigungsleistungen, etwa Boden-, Glas- oder Teppichreinigung, sofern im Leistungsumfang enthalten",translated_draft
soft-fm:PILOT_HU.includedItems.2,includedItems.2,"Kertészeti és külső területgondozási koordináció, ha a helyszíni modell része","Koordination von Grünpflege und Außenanlagenpflege, sofern Teil des Standortmodells",translated_draft
soft-fm:PILOT_HU.includedItems.3,includedItems.3,Higiéniai fogyóanyagok és mosdóhigiéniai szolgáltatások koordinációja,Koordination von Hygieneverbrauchsmaterialien und Waschraumhygiene-Leistungen,translated_draft
soft-fm:PILOT_HU.includedItems.4,includedItems.4,Hulladékkezelési támogatás és szolgáltatói kapcsolattartás az egyeztetett működési modell szerint,Unterstützung bei der Abfallentsorgung und Dienstleisterkontakt nach dem vereinbarten Betriebsmodell,translated_draft
soft-fm:PILOT_HU.includedItems.5,includedItems.5,Szolgáltatók és alvállalkozók koordinációja meglévő ügyféloldali beszállítók esetén,Koordination von Dienstleistern und Nachunternehmern bei bestehenden kundenseitigen Lieferanten,translated_draft
soft-fm:PILOT_HU.includedItems.6,includedItems.6,"Helyszíni eltérések, visszatérő problémák és korrekciós intézkedések követése","Verfolgung von Abweichungen vor Ort, wiederkehrenden Problemen und Korrekturmaßnahmen",translated_draft
soft-fm:PILOT_HU.includedItems.7,includedItems.7,"Írásos riport az elvégzett feladatokról, minőségi megfigyelésekről, visszatérő problémákról és teendőkről","Schriftlicher Bericht über erledigte Aufgaben, Qualitätsbeobachtungen, wiederkehrende Probleme und To-dos",translated_draft
soft-fm:hu.serviceDetail.processEyebrow,process.eyebrow,FOLYAMAT,ABLAUF,translated_draft
soft-fm:hu.serviceDetail.processTitle,process.title,Hogyan indul az együttműködés,So startet die Zusammenarbeit,translated_draft
soft-fm:PILOT_HU.processSteps.0.title,processSteps.0.title,Helyszíni bejárás és scope-felmérés,Begehung vor Ort und Aufnahme des Leistungsumfangs,translated_draft
soft-fm:PILOT_HU.processSteps.0.body,processSteps.0.body,"Az Avenir a scope véglegesítése előtt áttekinti az érintett területeket, szolgáltatási pontokat, működési időablakokat és a meglévő szolgáltatói modellt.","Vor der Festlegung des Leistungsumfangs prüft Avenir die betroffenen Flächen, Servicepunkte, Betriebszeitfenster und das bestehende Dienstleistermodell.",translated_draft
soft-fm:PILOT_HU.processSteps.1.title,processSteps.1.title,"Írásos scope, gyakoriságok és minőségi szempontok","Schriftlicher Leistungsumfang, Frequenzen und Qualitätskriterien",translated_draft
soft-fm:PILOT_HU.processSteps.1.body,processSteps.1.body,"A szolgáltatási területeket, feladatgyakoriságokat, ellenőrzési pontokat, minőségi elvárásokat és riportálási ritmust az operatív indulás előtt rögzítjük.","Serviceflächen, Aufgabenfrequenzen, Kontrollpunkte, Qualitätsanforderungen und Berichtsrhythmus werden vor dem operativen Start festgehalten.",translated_draft
soft-fm:PILOT_HU.processSteps.2.title,processSteps.2.title,Szolgáltatási modell és csapatstruktúra rögzítése,Festlegung von Leistungsmodell und Teamstruktur,translated_draft
soft-fm:PILOT_HU.processSteps.2.body,processSteps.2.body,"A scope egyeztetésekor az Avenir az ügyféllel együtt rögzíti a teljesítési modellt: saját munkatársak, jóváhagyott alvállalkozók vagy meglévő ügyféloldali szolgáltatók Avenir-koordináció alatt, a helyszíni modell szerint.","Bei der Abstimmung des Leistungsumfangs legt Avenir gemeinsam mit dem Kunden das Erfüllungsmodell fest: eigene Mitarbeiter, freigegebene Nachunternehmer oder bestehende kundenseitige Dienstleister unter Koordination von Avenir, nach dem Standortmodell.",translated_draft
soft-fm:PILOT_HU.processSteps.3.title,processSteps.3.title,Mobilizáció és működési beállítás,Mobilisierung und betriebliche Einrichtung,translated_draft
soft-fm:PILOT_HU.processSteps.3.body,processSteps.3.body,"Az indulás előtt az Avenir előkészíti a működési keretet: felelősségek, kapcsolattartási pontok, eszkalációs útvonalak, helyszíni utasítások és a napi kontrollhoz szükséges nyilvántartások.","Vor dem Start bereitet Avenir den Betriebsrahmen vor: Verantwortlichkeiten, Kontaktpunkte, Eskalationswege, Standortanweisungen und die für die tägliche Kontrolle erforderlichen Aufzeichnungen.",translated_draft
soft-fm:PILOT_HU.processSteps.4.title,processSteps.4.title,Indítás és stabilizációs időszak,Start und Stabilisierungsphase,translated_draft
soft-fm:PILOT_HU.processSteps.4.body,processSteps.4.body,"Az első működési időszakban az Avenir követi a kezdeti eltéréseket, pontosítja a felelősségeket és stabilizálja a működési ritmust az egyeztetett scope-on belül.","In der ersten Betriebsphase verfolgt Avenir die anfänglichen Abweichungen, präzisiert die Verantwortlichkeiten und stabilisiert den Betriebsrhythmus innerhalb des vereinbarten Leistungsumfangs.",translated_draft
soft-fm:PILOT_HU.processSteps.5.title,processSteps.5.title,Rendszeres riportálás és ügyféloldali áttekintés,Regelmäßiges Berichtswesen und Überprüfung mit dem Kunden,translated_draft
soft-fm:PILOT_HU.processSteps.5.body,processSteps.5.body,"Az Avenir riportálja az elvégzett feladatokat, minőségi megfigyeléseket, visszatérő problémákat és egyeztetett intézkedéseket, majd rendszeresen áttekinti a szolgáltatást az ügyféllel.","Avenir berichtet über erledigte Aufgaben, Qualitätsbeobachtungen, wiederkehrende Probleme und vereinbarte Maßnahmen und bespricht die Leistung regelmäßig mit dem Kunden.",translated_draft
soft-fm:hu.serviceDetail.trustEyebrow,trust.eyebrow,MIÉRT BÍZHAT BENNÜNK,WARUM SIE UNS VERTRAUEN KÖNNEN,translated_draft
soft-fm:hu.serviceDetail.trustTitle,trust.title,Bizalmi elemek,Vertrauenselemente,translated_draft
soft-fm:PILOT_HU.trustItems.0.title,trustItems.0.title,"Írásos scope, nem nyitott „ahogy szükséges” működés",Schriftlicher Leistungsumfang statt offenem Betrieb „nach Bedarf“,translated_draft
soft-fm:PILOT_HU.trustItems.0.body,trustItems.0.body,"Az Avenir a területeket, gyakoriságokat, minőségi szempontokat és riportálási ritmust a szerződés indulásakor rögzíti, így a megbízás kerete az operatív működés előtt egyértelmű.","Avenir legt Flächen, Frequenzen, Qualitätskriterien und Berichtsrhythmus zum Vertragsbeginn fest, sodass der Rahmen des Auftrags vor dem operativen Betrieb eindeutig ist.",translated_draft
soft-fm:PILOT_HU.trustItems.1.title,trustItems.1.title,Minőségellenőrzés meghatározott szempontok alapján,Qualitätskontrolle nach definierten Kriterien,translated_draft
soft-fm:PILOT_HU.trustItems.1.body,trustItems.1.body,"Az Avenir a takarítási, higiéniai, kertészeti és operatív támogatási feladatokat egyeztetett ellenőrzési pontok alapján követi, nem általános elvárások szerint.","Avenir verfolgt Reinigungs-, Hygiene-, Grünpflege- und operative Unterstützungsaufgaben anhand vereinbarter Kontrollpunkte — nicht nach allgemeinen Erwartungen.",translated_draft
soft-fm:PILOT_HU.trustItems.2.title,trustItems.2.title,Egy operatív felület több szolgáltató között,Eine operative Schnittstelle über mehrere Dienstleister hinweg,translated_draft
soft-fm:PILOT_HU.trustItems.2.body,trustItems.2.body,"Az ügyfél egy összehangolt működési képet kap az Avenir munkatársai, jóváhagyott alvállalkozók és meglévő ügyféloldali szolgáltatók között, a helyszíni modell szerint.","Der Kunde erhält ein abgestimmtes Betriebsbild über die Mitarbeiter von Avenir, freigegebene Nachunternehmer und bestehende kundenseitige Dienstleister hinweg, nach dem Standortmodell.",translated_draft
soft-fm:PILOT_HU.trustItems.3.title,trustItems.3.title,Szolgáltatói és alvállalkozói koordináció,Koordination von Dienstleistern und Nachunternehmern,translated_draft
soft-fm:PILOT_HU.trustItems.3.body,trustItems.3.body,"Az Avenir dokumentálja a felelősségeket, kapcsolattartási pontokat és eszkalációs útvonalakat, hogy a napi szolgáltatókezelés kontrollált legyen, ne széttagolt.","Avenir dokumentiert Verantwortlichkeiten, Kontaktpunkte und Eskalationswege, damit die tägliche Dienstleistersteuerung kontrolliert und nicht fragmentiert abläuft.",translated_draft
soft-fm:PILOT_HU.trustItems.4.title,trustItems.4.title,Korrekciós intézkedések követése,Verfolgung von Korrekturmaßnahmen,translated_draft
soft-fm:PILOT_HU.trustItems.4.body,trustItems.4.body,"Az Avenir követi a helyszíni eltéréseket, visszatérő problémákat és korrekciós intézkedéseket, hogy azok áttekinthetők és utánkövethetők legyenek.","Avenir verfolgt Abweichungen vor Ort, wiederkehrende Probleme und Korrekturmaßnahmen, damit diese überschaubar und nachverfolgbar bleiben.",translated_draft
soft-fm:PILOT_HU.trustItems.5.title,trustItems.5.title,Írásos riportálás,Schriftliches Berichtswesen,translated_draft
soft-fm:PILOT_HU.trustItems.5.body,trustItems.5.body,"Az Avenir az egyeztetett riportálási ritmus szerint beszámol az elvégzett scope-ról, minőségi megfigyelésekről, visszatérő problémákról és egyeztetett intézkedésekről.","Avenir berichtet nach dem vereinbarten Berichtsrhythmus über den erledigten Leistungsumfang, Qualitätsbeobachtungen, wiederkehrende Probleme und vereinbarte Maßnahmen.",translated_draft
soft-fm:PILOT_HU.trustItems.6.title,trustItems.6.title,"Kapcsolódás Hard FM-hez, portaszolgálathoz és őrzéshez","Anbindung an Hard FM, Pförtnerdienst und Objektschutz",translated_draft
soft-fm:PILOT_HU.trustItems.6.body,trustItems.6.body,"Ha ezek a szolgáltatások ugyanazon a helyszínen működnek, az Avenir összehangolja a Soft FM riportálását és eltéréskezelését a portaszolgálati, őrzési és Hard FM folyamatokkal.","Werden diese Leistungen am selben Standort erbracht, stimmt Avenir das Soft-FM-Berichtswesen und die Abweichungsbearbeitung mit den Pförtner-, Objektschutz- und Hard-FM-Prozessen ab.",translated_draft
soft-fm:PILOT_HU.trustItems.7.title,trustItems.7.title,Helyszínspecifikus működési modell,Standortspezifisches Betriebsmodell,translated_draft
soft-fm:PILOT_HU.trustItems.7.body,trustItems.7.body,"A létszám, szolgáltatói bevonás, gyakoriságok és riportálás a helyszíni modellhez és az egyeztetett szerződéses scope-hoz igazodik.","Personalstärke, Dienstleistereinbindung, Frequenzen und Berichtswesen richten sich nach dem Standortmodell und dem vereinbarten vertraglichen Leistungsumfang.",translated_draft
soft-fm:hu.serviceDetail.faqEyebrow,faq.eyebrow,GYAKORI KÉRDÉSEK,HÄUFIGE FRAGEN,translated_draft
soft-fm:hu.serviceDetail.faqTitle,faq.title,Mit kérdeznek leggyakrabban,Was am häufigsten gefragt wird,translated_draft
soft-fm:PILOT_HU.faq.0.q,faq.0.q,Mit jelent a Soft FM?,Was bedeutet Soft FM?,translated_draft
soft-fm:PILOT_HU.faq.0.a,faq.0.a,"A Soft FM a helyszínek napi működését támogató, nem műszaki facility szolgáltatások összehangolt kezelését jelenti. Az Avenirnél ez takarítást, kertészeti folyamatokat, higiéniai és hulladékkezelési támogatást, operatív koordinációt és szolgáltatókezelést fed le az egyeztetett scope-on belül.","Soft FM bezeichnet die koordinierte Erbringung der nicht technischen Facility-Leistungen, die den täglichen Betrieb der Standorte unterstützen. Bei Avenir umfasst das Reinigung, Grünpflegeprozesse, Hygiene- und Abfallentsorgungs-Unterstützung, operative Koordination und Dienstleistersteuerung innerhalb des vereinbarten Leistungsumfangs.",translated_draft
soft-fm:PILOT_HU.faq.1.q,faq.1.q,Miben különbözik a Soft FM a Hard FM-től?,Worin unterscheidet sich Soft FM von Hard FM?,translated_draft
soft-fm:PILOT_HU.faq.1.a,faq.1.a,"A Hard FM elsősorban műszaki, karbantartási és épületüzemeltetési folyamatokra fókuszál. A Soft FM a napi támogató szolgáltatásokat fogja össze: takarítás, kertészet, higiéniai folyamatok és helyszíni operatív koordináció. Sok helyszínen a két terület akkor működik jól, ha a riportálási és eszkalációs útvonalak összehangoltak.","Hard FM konzentriert sich vor allem auf technische, Instandhaltungs- und Gebäudebetriebsprozesse. Soft FM bündelt die täglichen unterstützenden Leistungen: Reinigung, Grünpflege, Hygieneprozesse und operative Koordination vor Ort. An vielen Standorten funktionieren beide Bereiche dann gut, wenn Berichts- und Eskalationswege aufeinander abgestimmt sind.",translated_draft
soft-fm:PILOT_HU.faq.2.q,faq.2.q,Csak takarításról szól a Soft FM?,Geht es bei Soft FM nur um Reinigung?,translated_draft
soft-fm:PILOT_HU.faq.2.a,faq.2.a,"Nem. A takarítás gyakran a Soft FM egyik központi eleme, de a szolgáltatás ennél szélesebb. Az Avenir a takarításhoz, szolgáltatókezeléshez, kertészeti folyamatokhoz, higiéniai működéshez, minőségellenőrzéshez, riportáláshoz és helyszíni támogatáshoz kapcsolódó működési réteget kezeli.","Nein. Die Reinigung ist oft ein zentrales Element des Soft FM, doch die Leistung ist breiter. Avenir steuert die Betriebsebene rund um Reinigung, Dienstleistersteuerung, Grünpflegeprozesse, Hygienebetrieb, Qualitätskontrolle, Berichtswesen und Unterstützung vor Ort.",translated_draft
soft-fm:PILOT_HU.faq.3.q,faq.3.q,Koordinálhat az Avenir több szolgáltatót vagy alvállalkozót?,Kann Avenir mehrere Dienstleister oder Nachunternehmer koordinieren?,translated_draft
soft-fm:PILOT_HU.faq.3.a,faq.3.a,"Igen. Az egyeztetett Soft FM modellben az Avenir a szerződés indulásától koordinálja a szolgáltatói felelősségeket, kapcsolattartási pontokat, eszkalációs útvonalakat és riportálási elvárásokat.","Ja. Im vereinbarten Soft-FM-Modell koordiniert Avenir ab Vertragsbeginn die Dienstleisterverantwortlichkeiten, Kontaktpunkte, Eskalationswege und Berichtsanforderungen.",translated_draft
soft-fm:PILOT_HU.faq.4.q,faq.4.q,Van garantált takarítási minőség?,Gibt es eine garantierte Reinigungsqualität?,translated_draft
soft-fm:PILOT_HU.faq.4.a,faq.4.a,"Az általános takarítási minőségre vonatkozó garancia nem helyettesítheti a meghatározott scope-ot. Az Avenir a minőséget egyeztetett feladatokkal, meghatározott szempontokkal, szolgáltatási ellenőrzésekkel, riportálással és korrekciós intézkedésekkel kezeli, így az elvárások konkrétak és áttekinthetők.","Eine allgemeine Garantie für Reinigungsqualität kann den definierten Leistungsumfang nicht ersetzen. Avenir steuert die Qualität über vereinbarte Aufgaben, definierte Kriterien, Leistungskontrollen, Berichtswesen und Korrekturmaßnahmen — so bleiben die Erwartungen konkret und überschaubar.",translated_draft
soft-fm:PILOT_HU.faq.5.q,faq.5.q,Hogyan ellenőrizhető a Soft FM szolgáltatások minősége?,Wie lässt sich die Qualität der Soft-FM-Leistungen kontrollieren?,translated_draft
soft-fm:PILOT_HU.faq.5.a,faq.5.a,"Az Avenir a minőséget egyeztetett ellenőrzési pontokon, szolgáltatási ellenőrzéseken, visszatérő problémák követésén, visszajelzési körökön és rendszeres írásos riportáláson keresztül követi, helyszínspecifikus elvárások alapján.","Avenir verfolgt die Qualität über vereinbarte Kontrollpunkte, Leistungskontrollen, die Nachverfolgung wiederkehrender Probleme, Feedbackrunden und regelmäßiges schriftliches Berichtswesen — auf Grundlage standortspezifischer Anforderungen.",translated_draft
soft-fm:PILOT_HU.faq.6.q,faq.6.q,Kapunk írásos riportot a Soft FM feladatokról?,Erhalten wir einen schriftlichen Bericht über die Soft-FM-Aufgaben?,translated_draft
soft-fm:PILOT_HU.faq.6.a,faq.6.a,"Igen. A strukturált Soft FM együttműködések része a rendszeres írásos riportálás, amely lefedi az elvégzett scope-ot, minőségi megfigyeléseket, visszatérő problémákat és egyeztetett intézkedéseket.","Ja. Zu strukturierten Soft-FM-Kooperationen gehört ein regelmäßiges schriftliches Berichtswesen, das den erledigten Leistungsumfang, Qualitätsbeobachtungen, wiederkehrende Probleme und vereinbarte Maßnahmen abdeckt.",translated_draft
soft-fm:PILOT_HU.faq.7.q,faq.7.q,Kapcsolódhat a Soft FM portaszolgálati vagy biztonsági működéshez?,Kann Soft FM an Pförtner- oder Sicherheitsprozesse angebunden werden?,translated_draft
soft-fm:PILOT_HU.faq.7.a,faq.7.a,"Igen. Sok helyszínen a porta, recepció, objektumőrzés vagy Hard FM csapat jelzi először az operatív problémákat. A Soft FM akkor működik jobban, ha a jelzések, felelősségek, szolgáltatók és riportálási folyamatok egy működési modellben kapcsolódnak össze.","Ja. An vielen Standorten melden Pforte, Empfang, Objektschutz oder das Hard-FM-Team operative Probleme zuerst. Soft FM funktioniert besser, wenn Meldungen, Verantwortlichkeiten, Dienstleister und Berichtsprozesse in einem Betriebsmodell verbunden sind.",translated_draft
soft-fm:hu.serviceDetail.relatedEyebrow,related.eyebrow,MÉG AZ AVENIRTŐL,WEITERES VON AVENIR,translated_draft
soft-fm:hu.serviceDetail.relatedTitle,related.title,Kapcsolódó szolgáltatások,Verwandte Leistungen,translated_draft
soft-fm:related.0.hard-fm.nameHu,related.0.title,Hard FM,Hard FM,translated_draft
soft-fm:related.0.hard-fm.shortDescHu,related.0.description,"Hard FM tervezett megelőző karbantartással, reaktív hibakezeléssel, szakcéges koordinációval, dokumentált hibanaplóval és működési riportálással.","Hard FM mit geplanter vorbeugender Instandhaltung, reaktiver Störungsbearbeitung, Koordination von Fachfirmen, dokumentiertem Störungsprotokoll und betrieblichem Berichtswesen.",translated_draft
soft-fm:related.1.portaszolgalat.nameHu,related.1.title,Recepciós és portaszolgálat,Empfangs- und Pförtnerdienst,translated_draft
soft-fm:related.1.portaszolgalat.shortDescHu,related.1.description,"Recepciós és portaszolgálat látogatók, beszállítók, munkatársak, kulcsok, csomagok, naplózás és egyeztetett eszkaláció kezelésére.","Empfangs- und Pförtnerdienst für Besucher, Lieferanten, Mitarbeiter, Schlüssel, Pakete, Protokollierung und abgestimmte Eskalation.",translated_draft
soft-fm:related.2.mystery-shopping-helyszini-audit.nameHu,related.2.title,Próbavásárlás és szolgáltatásaudit,Mystery Shopping und Serviceaudit,translated_draft
soft-fm:related.2.mystery-shopping-helyszini-audit.shortDescHu,related.2.description,"Próbavásárlás és szolgáltatásaudit valós ügyfél- és működési helyzetekben, strukturált megfigyeléssel, riportálással és fejlesztési javaslatokkal.","Mystery Shopping und Serviceaudit in realen Kunden- und Betriebssituationen, mit strukturierter Beobachtung, Berichtswesen und Verbesserungsempfehlungen.",translated_draft
soft-fm:related.3.objektumorzes.nameHu,related.3.title,Élőerős objektumőrzés,Objektschutz vor Ort,translated_draft
soft-fm:related.3.objektumorzes.shortDescHu,related.3.description,"Élőerős objektumőrzés beléptetéssel, járőrözéssel, incidenskezeléssel, szolgálati naplóval és egyeztetett eszkalációs renddel.","Objektschutz vor Ort mit Zutrittskontrolle, Kontrollgängen, Vorfallbearbeitung, Dienstbuch und abgestimmter Eskalationsordnung.",translated_draft
soft-fm:related.4.rendezvenybiztositas.nameHu,related.4.title,Rendezvénybiztosítás,Veranstaltungssicherheit,translated_draft
soft-fm:related.4.rendezvenybiztositas.shortDescHu,related.4.description,"Rendezvénybiztosítás vállalati, zártkörű és nyilvános eseményekre, beléptetéssel, közönségáramlás-támogatással, zónakezeléssel, incidensrögzítéssel és szervezői eszkalációval.","Veranstaltungssicherheit für Firmen-, geschlossene und öffentliche Veranstaltungen, mit Zutrittskontrolle, Unterstützung der Besucherströme, Zonenmanagement, Vorfallerfassung und Eskalation an die Veranstaltungsleitung.",translated_draft
soft-fm:serviceDetail.hero.cta,cta.hero,Ajánlatkérés,Angebot anfordern,translated_draft
soft-fm:SERVICE_QUOTE_COPY.hu.button,cta.embedded.collapsedButton,Ajánlatkérés,Angebot anfordern,translated_draft
hard-fm:seoTitleHu,meta.title,Hard FM és műszaki üzemeltetés | Avenir,Hard FM – Technisches Gebäudemanagement | Avenir,translated_draft
hard-fm:seoDescriptionHu,meta.description,"Tervezett megelőző karbantartás, reaktív hibakezelés, szakcéges koordináció és dokumentált riportálás műszaki helyszíni működéshez.","Geplante vorbeugende Instandhaltung, reaktive Störungsbearbeitung, Koordination von Fachfirmen und dokumentiertes Berichtswesen für den technischen Standortbetrieb.",translated_draft
hard-fm:nameHu,hero.h1,Hard FM,Hard FM – Technisches Gebäudemanagement,translated_draft
hard-fm:valuePropositionHu,hero.subhead,"A Hard FM a tervezett megelőző karbantartást és a reaktív hibakezelést fogja össze az épületüzemeltetés, gépészeti és elektromos rendszerek, vízvezeték, HVAC és műszaki működés területén, dokumentált eszkalációval és riportálással.","Hard FM bündelt die geplante vorbeugende Instandhaltung und die reaktive Störungsbearbeitung für Gebäudebetrieb, gebäudetechnische und elektrische Anlagen, Sanitär, HLK und den technischen Betrieb — mit dokumentierter Eskalation und Berichtswesen.",translated_draft
hard-fm:PILOT_HU.longDesc.body.0,body.1,"Az Avenir Hard FM szolgáltatása a vállalati, ipari és logisztikai helyszínek műszaki rendszereinek tervezett megelőző karbantartását és reaktív hibakezelését fogja össze. A scope kiterjedhet az épületállagra, gépészeti és elektromos rendszerekre, vízvezeték- és HVAC-folyamatokra, kisebb műszaki munkákra, szakcéges koordinációra és dokumentált hibakövetésre.","Die Hard-FM-Leistung von Avenir bündelt die geplante vorbeugende Instandhaltung und die reaktive Störungsbearbeitung der technischen Anlagen von Unternehmens-, Industrie- und Logistikstandorten. Der Leistungsumfang kann die Gebäudesubstanz, gebäudetechnische und elektrische Anlagen, Sanitär- und HLK-Prozesse, kleinere technische Arbeiten, die Koordination von Fachfirmen und die dokumentierte Störungsverfolgung umfassen.",translated_draft
hard-fm:PILOT_HU.longDesc.body.1,body.2,"Az Avenir a mobilizáció során az ügyféllel együtt rögzíti a hibabejelentési útvonalat, az eszkalációs pontokat, a szolgáltatói felelősségeket, a beavatkozási naplózást és a riportálási ritmust. Ha HVAC-, elektromos, vízvezeték- vagy kötelező felülvizsgálati munkákhoz szakcég szükséges, azok kezelése az egyeztetett működési modell részeként történik, nem rejtett átadásként az ügyfél felé.","Während der Mobilisierung legt Avenir gemeinsam mit dem Kunden den Störungsmeldeweg, die Eskalationspunkte, die Dienstleisterverantwortlichkeiten, die Maßnahmendokumentation und den Berichtsrhythmus fest. Sind für HLK-, Elektro-, Sanitär- oder Pflichtprüfungsarbeiten Fachfirmen erforderlich, erfolgt deren Steuerung als Teil des vereinbarten Betriebsmodells — nicht als verdeckte Rückübertragung an den Kunden.",translated_draft
hard-fm:PILOT_HU.longDesc.body.2,body.3,"A Hard FM működhet önálló műszaki üzemeltetési szolgáltatásként, vagy az Avenir portaszolgálatával, élőerős őrzésével vagy Soft FM szolgáltatásával együtt ugyanazon a helyszínen. Integrált működésben a riportálási ritmus, az eszkalációs lánc és az operatív kapcsolattartási pontok összehangoltak, így az ügyfél nem széttagolt szolgáltatói visszajelzéseket, hanem egységes műszaki képet kap.","Hard FM kann als eigenständige technische Betriebsleistung funktionieren oder gemeinsam mit dem Pförtnerdienst, dem Objektschutz oder der Soft-FM-Leistung von Avenir am selben Standort. Im integrierten Betrieb sind Berichtsrhythmus, Eskalationskette und operative Kontaktpunkte aufeinander abgestimmt — der Kunde erhält kein fragmentiertes Dienstleisterfeedback, sondern ein einheitliches technisches Bild.",translated_draft
hard-fm:hu.serviceDetail.useCasesEyebrow,useCases.eyebrow,KINEK AJÁNLJUK,EMPFOHLEN FÜR,translated_draft
hard-fm:hu.serviceDetail.useCasesTitle,useCases.title,Kinek jó,Für wen geeignet,translated_draft
hard-fm:PILOT_HU.useCases.0,useCases.0,Irodaházak és üzleti központok tulajdonosai és üzemeltetői,Eigentümer und Betreiber von Bürogebäuden und Businesscentern,translated_draft
hard-fm:PILOT_HU.useCases.1,useCases.1,"Logisztikai, raktári és könnyűipari helyszínek összetett műszaki rendszerekkel","Logistik-, Lager- und Leichtindustriestandorte mit komplexen technischen Anlagen",translated_draft
hard-fm:PILOT_HU.useCases.2,useCases.2,"Egyhelyszínes üzemeltetők, akik egységes műszaki működési modellt keresnek","Betreiber einzelner Standorte, die ein einheitliches technisches Betriebsmodell suchen",translated_draft
hard-fm:PILOT_HU.useCases.3,useCases.3,"Több helyszínes portfóliók, ahol a széttagolt FM-szolgáltatói koordinációt kell összevonni","Portfolios mit mehreren Standorten, bei denen eine fragmentierte FM-Dienstleisterkoordination zusammenzuführen ist",translated_draft
hard-fm:PILOT_HU.useCases.4,useCases.4,"Helyszínek, ahol a Hard FM-nek a portaszolgálattal, őrzéssel vagy Soft FM-mel együtt kell működnie","Standorte, an denen Hard FM mit Pförtnerdienst, Objektschutz oder Soft FM zusammenarbeiten muss",translated_draft
hard-fm:hu.serviceDetail.includedEyebrow,included.eyebrow,TARTALOM,LEISTUNGSUMFANG,translated_draft
hard-fm:hu.serviceDetail.includedTitle,included.title,Mit tartalmaz,Was enthalten ist,translated_draft
hard-fm:PILOT_HU.includedItems.0,includedItems.0,Tervezett megelőző karbantartási ütemezés az egyeztetett eszközökre és rendszerekre,Geplante vorbeugende Instandhaltung mit Terminplan für die vereinbarten Anlagen und Systeme,translated_draft
hard-fm:PILOT_HU.includedItems.1,includedItems.1,Reaktív hibakezelés egyeztetett prioritási kategóriákkal,Reaktive Störungsbearbeitung mit vereinbarten Prioritätskategorien,translated_draft
hard-fm:PILOT_HU.includedItems.2,includedItems.2,"Dokumentált hibanapló, beavatkozási nyilvántartás és lezárási státusz","Dokumentiertes Störungsprotokoll, Maßnahmendokumentation und Abschlussstatus",translated_draft
hard-fm:PILOT_HU.includedItems.3,includedItems.3,"Szakcéges koordináció HVAC-, elektromos, vízvezeték- és felülvizsgálati feladatokhoz","Koordination von Fachfirmen für HLK-, Elektro-, Sanitär- und Prüfaufgaben",translated_draft
hard-fm:PILOT_HU.includedItems.4,includedItems.4,"Kötelező felülvizsgálatok koordinációja és dokumentációs támogatása, ha a scope tartalmazza","Koordination und Dokumentationsunterstützung der Pflichtprüfungen, sofern im Leistungsumfang enthalten",translated_draft
hard-fm:PILOT_HU.includedItems.5,includedItems.5,"Havi működési riport nyitott feladatokról, lezárt beavatkozásokról, visszatérő hibákról és fejlesztési pontokról","Monatlicher Betriebsbericht über offene Aufgaben, abgeschlossene Maßnahmen, wiederkehrende Störungen und Verbesserungspunkte",translated_draft
hard-fm:hu.serviceDetail.processEyebrow,process.eyebrow,FOLYAMAT,ABLAUF,translated_draft
hard-fm:hu.serviceDetail.processTitle,process.title,Hogyan indul az együttműködés,So startet die Zusammenarbeit,translated_draft
hard-fm:PILOT_HU.processSteps.0.title,processSteps.0.title,Eszköz- és állapotfelmérés,Anlagen- und Zustandsaufnahme,translated_draft
hard-fm:PILOT_HU.processSteps.0.body,processSteps.0.body,"Áttekintjük az egyeztetett eszközöket, rendszereket, műszaki állapotot, visszatérő hibákat és az érintett szolgáltatói kört.","Wir prüfen die vereinbarten Anlagen und Systeme, den technischen Zustand, wiederkehrende Störungen und den betroffenen Dienstleisterkreis.",translated_draft
hard-fm:PILOT_HU.processSteps.1.title,processSteps.1.title,PPM-ütemezés és prioritási kategóriák,PPM-Terminplan und Prioritätskategorien,translated_draft
hard-fm:PILOT_HU.processSteps.1.body,processSteps.1.body,"Az ügyféllel együtt meghatározzuk a megelőző karbantartási ütemezést, a hibabejelentési útvonalat és a reaktív feladatok prioritási kategóriáit.","Gemeinsam mit dem Kunden legen wir den Terminplan der vorbeugenden Instandhaltung, den Störungsmeldeweg und die Prioritätskategorien der reaktiven Aufgaben fest.",translated_draft
hard-fm:PILOT_HU.processSteps.2.title,processSteps.2.title,Mobilizáció és működési beállítás,Mobilisierung und betriebliche Einrichtung,translated_draft
hard-fm:PILOT_HU.processSteps.2.body,processSteps.2.body,"Rögzítjük a szolgáltatói felelősségeket, a szakcéges bevonás szabályait, az eszkalációs pontokat és az operatív kapcsolattartást.","Wir halten die Dienstleisterverantwortlichkeiten, die Regeln für die Einbindung von Fachfirmen, die Eskalationspunkte und die operativen Kontakte fest.",translated_draft
hard-fm:PILOT_HU.processSteps.3.title,processSteps.3.title,"Működtetés, naplózás és riportálás","Betrieb, Protokollierung und Berichtswesen",translated_draft
hard-fm:PILOT_HU.processSteps.3.body,processSteps.3.body,"A hibabejelentések, beavatkozások, státuszváltozások, lezárások és nyitott feladatok dokumentált hibanaplóban és havi riportban követhetők.","Störungsmeldungen, Maßnahmen, Statusänderungen, Abschlüsse und offene Aufgaben sind im dokumentierten Störungsprotokoll und im Monatsbericht nachvollziehbar.",translated_draft
hard-fm:PILOT_HU.processSteps.4.title,processSteps.4.title,Visszatérő hibák és fejlesztési pontok áttekintése,Überprüfung wiederkehrender Störungen und Verbesserungspunkte,translated_draft
hard-fm:PILOT_HU.processSteps.4.body,processSteps.4.body,"A riportok és tapasztalatok alapján áttekintjük a visszatérő hibákat, a nyitott kockázatokat és a következő fejlesztési pontokat.","Auf Grundlage der Berichte und Erfahrungen prüfen wir wiederkehrende Störungen, offene Risiken und die nächsten Verbesserungspunkte.",translated_draft
hard-fm:hu.serviceDetail.trustEyebrow,trust.eyebrow,MIÉRT BÍZHAT BENNÜNK,WARUM SIE UNS VERTRAUEN KÖNNEN,translated_draft
hard-fm:hu.serviceDetail.trustTitle,trust.title,Bizalmi elemek,Vertrauenselemente,translated_draft
hard-fm:PILOT_HU.trustItems.0.title,trustItems.0.title,Név szerinti operatív kapcsolattartó,Namentlich benannter operativer Ansprechpartner,translated_draft
hard-fm:PILOT_HU.trustItems.0.body,trustItems.0.body,"Az ügyfél név szerinti operatív kapcsolattartót kap a hibabejelentéshez, az eszkalációhoz, a szolgáltatói koordinációhoz és a riportáláshoz.","Der Kunde erhält einen namentlich benannten operativen Ansprechpartner für Störungsmeldungen, Eskalation, Dienstleisterkoordination und Berichtswesen.",translated_draft
hard-fm:PILOT_HU.trustItems.1.title,trustItems.1.title,Prioritásalapú reaktív hibakezelés,Prioritätsbasierte reaktive Störungsbearbeitung,translated_draft
hard-fm:PILOT_HU.trustItems.1.body,trustItems.1.body,"A reaktív feladatok a mobilizáció során egyeztetett prioritási kategóriák szerint kezelhetők, így a sürgős hibák, a rutin feladatok és a tervezett munkák eltérő kezelési úton futnak.","Reaktive Aufgaben können nach den in der Mobilisierung vereinbarten Prioritätskategorien bearbeitet werden, sodass dringende Störungen, Routineaufgaben und geplante Arbeiten über unterschiedliche Bearbeitungswege laufen.",translated_draft
hard-fm:PILOT_HU.trustItems.2.title,trustItems.2.title,Szakcéges koordináció,Koordination von Fachfirmen,translated_draft
hard-fm:PILOT_HU.trustItems.2.body,trustItems.2.body,"A HVAC-, elektromos, vízvezeték- és felülvizsgálati feladatok szakcégek bevonásával is teljesíthetők, az egyeztetett működési modell szerint koordinálva.","HLK-, Elektro-, Sanitär- und Prüfaufgaben können auch unter Einbindung von Fachfirmen erfüllt werden — koordiniert nach dem vereinbarten Betriebsmodell.",translated_draft
hard-fm:PILOT_HU.trustItems.3.title,trustItems.3.title,Dokumentált hibanapló és havi riport,Dokumentiertes Störungsprotokoll und Monatsbericht,translated_draft
hard-fm:PILOT_HU.trustItems.3.body,trustItems.3.body,"A hibabejelentések, beavatkozások, státuszváltozások és lezárások rögzítésre kerülnek, és havi működési riportban összegezhetők.","Störungsmeldungen, Maßnahmen, Statusänderungen und Abschlüsse werden erfasst und können im monatlichen Betriebsbericht zusammengefasst werden.",translated_draft
hard-fm:PILOT_HU.trustItems.4.title,trustItems.4.title,"Kapcsolódás portaszolgálathoz, őrzéshez és Soft FM-hez","Anbindung an Pförtnerdienst, Objektschutz und Soft FM",translated_draft
hard-fm:PILOT_HU.trustItems.4.body,trustItems.4.body,"Ha a Hard FM portaszolgálattal, élőerős őrzéssel vagy Soft FM-mel együtt működik, a riportálás, az eszkaláció és az operatív kapcsolattartási pontok az adott helyszínen összehangolhatók.","Arbeitet Hard FM mit Pförtnerdienst, Objektschutz oder Soft FM zusammen, lassen sich Berichtswesen, Eskalation und operative Kontaktpunkte am jeweiligen Standort aufeinander abstimmen.",translated_draft
hard-fm:hu.serviceDetail.faqEyebrow,faq.eyebrow,GYAKORI KÉRDÉSEK,HÄUFIGE FRAGEN,translated_draft
hard-fm:hu.serviceDetail.faqTitle,faq.title,Mit kérdeznek leggyakrabban,Was am häufigsten gefragt wird,translated_draft
hard-fm:PILOT_HU.faq.0.q,faq.0.q,Mit jelent a Hard FM?,Was bedeutet Hard FM?,translated_draft
hard-fm:PILOT_HU.faq.0.a,faq.0.a,"A Hard FM a helyszínek műszaki üzemeltetésének, karbantartási folyamatainak, hibabejelentéseinek és szolgáltatói egyeztetéseinek koordinált kezelését jelenti. A cél, hogy a műszaki működés átlátható és riportálható legyen.","Hard FM bezeichnet die koordinierte Steuerung des technischen Gebäudebetriebs, der Instandhaltungsprozesse, der Störungsmeldungen und der Dienstleisterabstimmung an den Standorten. Ziel ist ein transparenter und berichtsfähiger technischer Betrieb.",translated_draft
hard-fm:PILOT_HU.faq.1.q,faq.1.q,Miben különbözik a Hard FM a Soft FM-től?,Worin unterscheidet sich Hard FM von Soft FM?,translated_draft
hard-fm:PILOT_HU.faq.1.a,faq.1.a,"A Hard FM elsősorban műszaki, karbantartási és üzemeltetési folyamatokra fókuszál, míg a Soft FM inkább a napi működést támogató szolgáltatásokhoz, például takarításhoz, zöldterülethez vagy operatív támogatáshoz kapcsolódik. A két terület sok helyszínen együtt működik hatékonyan.","Hard FM konzentriert sich vor allem auf technische, Instandhaltungs- und Gebäudebetriebsprozesse, während Soft FM eher die täglichen unterstützenden Leistungen umfasst, etwa Reinigung, Grünflächen oder operative Unterstützung. An vielen Standorten arbeiten beide Bereiche effizient zusammen.",translated_draft
hard-fm:PILOT_HU.faq.2.q,faq.2.q,Kezelhetők hibabejelentések is?,Können auch Störungsmeldungen bearbeitet werden?,translated_draft
hard-fm:PILOT_HU.faq.2.a,faq.2.a,"Igen, a Hard FM része lehet a hibabejelentések fogadási, továbbítási, priorizálási és eszkalációs rendjének kialakítása. A pontos folyamatot a helyszíni igények és a szerződéses keretek alapján érdemes rögzíteni.","Ja, Teil des Hard FM kann die Gestaltung der Annahme, Weiterleitung, Priorisierung und Eskalation von Störungsmeldungen sein. Der genaue Prozess sollte auf Grundlage der Standortanforderungen und der vertraglichen Rahmenbedingungen festgelegt werden.",translated_draft
hard-fm:PILOT_HU.faq.3.q,faq.3.q,Avenir saját maga végez minden műszaki munkát?,Führt Avenir alle technischen Arbeiten selbst aus?,translated_draft
hard-fm:PILOT_HU.faq.3.a,faq.3.a,"A működés a feladat jellegétől és a szerződéses keretektől függ. A Hard FM szolgáltatás része lehet saját koordináció, kijelölt szolgáltatók bevonása, alvállalkozói egyeztetés vagy a megrendelő meglévő partnereinek koordinált kezelése.","Der Betrieb hängt von der Art der Aufgabe und den vertraglichen Rahmenbedingungen ab. Die Hard-FM-Leistung kann eigene Koordination, die Einbindung benannter Dienstleister, die Abstimmung mit Nachunternehmern oder die koordinierte Steuerung der bestehenden Partner des Auftraggebers umfassen.",translated_draft
hard-fm:PILOT_HU.faq.4.q,faq.4.q,Van garantált javítási idő?,Gibt es eine garantierte Reparaturzeit?,translated_draft
hard-fm:PILOT_HU.faq.4.a,faq.4.a,"A javítási vagy reagálási idő a helyszíntől, a feladat típusától, a hozzáférési feltételektől és a szükséges szakcégektől függ. Az Avenir a mobilizáció során prioritási kategóriákat tud meghatározni, hogy a sürgős hibák, a rutin feladatok és a tervezett karbantartás eltérő kezelési úton fusson, de ez nem jelent általános garantált javítási időt.","Die Reparatur- bzw. Reaktionszeit hängt vom Standort, der Aufgabenart, den Zugangsbedingungen und den erforderlichen Fachfirmen ab. Avenir kann in der Mobilisierung Prioritätskategorien festlegen, damit dringende Störungen, Routineaufgaben und geplante Instandhaltung über unterschiedliche Bearbeitungswege laufen — eine allgemeine garantierte Reparaturzeit bedeutet das jedoch nicht.",translated_draft
hard-fm:PILOT_HU.faq.5.q,faq.5.q,Kapunk riportot a műszaki feladatokról?,Erhalten wir einen Bericht über die technischen Aufgaben?,translated_draft
hard-fm:PILOT_HU.faq.5.a,faq.5.a,"Igen, a szolgáltatás része lehet egyeztetett riportálás. A riport tartalmazhatja a hibabejelentéseket, státuszokat, beavatkozásokat, lezárt feladatokat, visszatérő problémákat és fejlesztési javaslatokat.","Ja, Teil der Leistung kann ein vereinbartes Berichtswesen sein. Der Bericht kann Störungsmeldungen, Status, Maßnahmen, abgeschlossene Aufgaben, wiederkehrende Probleme und Verbesserungsvorschläge enthalten.",translated_draft
hard-fm:PILOT_HU.faq.6.q,faq.6.q,Mikor érdemes külön Hard FM folyamatot kialakítani?,Wann lohnt sich ein eigener Hard-FM-Prozess?,translated_draft
hard-fm:PILOT_HU.faq.6.a,faq.6.a,"Dedikált Hard FM folyamatot akkor érdemes kialakítani, ha a műszaki hibák, karbantartási feladatok, szakcégek és riportálás jelenleg eseti módon vagy több, egymástól leváló szolgáltatón keresztül működnek. A dedikált folyamat átláthatóbb hibautat, prioritási kategóriákat, státuszkövetést és riportálási ritmust ad az ügyfélnek.","Ein dedizierter Hard-FM-Prozess lohnt sich, wenn technische Störungen, Instandhaltungsaufgaben, Fachfirmen und Berichtswesen derzeit fallweise oder über mehrere, voneinander getrennte Dienstleister laufen. Der dedizierte Prozess gibt dem Kunden einen transparenteren Störungsweg, Prioritätskategorien, Statusverfolgung und einen festen Berichtsrhythmus.",translated_draft
hard-fm:PILOT_HU.faq.7.q,faq.7.q,Kapcsolódhat a Hard FM biztonsági vagy portaszolgálati működéshez?,Kann Hard FM an Sicherheits- oder Pförtnerprozesse angebunden werden?,translated_draft
hard-fm:PILOT_HU.faq.7.a,faq.7.a,"Igen. Sok helyszínen a porta, objektumőrzés vagy biztonságtechnikai működés észleli először a műszaki problémát. A Hard FM folyamat akkor működik jól, ha a jelzések, felelősök, szolgáltatók és eszkalációs pontok össze vannak hangolva.","Ja. An vielen Standorten erkennt die Pforte, der Objektschutz oder der sicherheitstechnische Betrieb ein technisches Problem zuerst. Der Hard-FM-Prozess funktioniert gut, wenn Meldungen, Verantwortliche, Dienstleister und Eskalationspunkte aufeinander abgestimmt sind.",translated_draft
hard-fm:hu.serviceDetail.relatedEyebrow,related.eyebrow,MÉG AZ AVENIRTŐL,WEITERES VON AVENIR,translated_draft
hard-fm:hu.serviceDetail.relatedTitle,related.title,Kapcsolódó szolgáltatások,Verwandte Leistungen,translated_draft
hard-fm:related.0.soft-fm.nameHu,related.0.title,Soft FM,Soft FM,translated_draft
hard-fm:related.0.soft-fm.shortDescHu,related.0.description,"Soft FM takarítási, kertészeti, higiéniai, hulladékkezelési támogatási és szolgáltatókezelési feladatokra, egyeztetett scope-pal, minőségellenőrzéssel és írásos riportálással.","Soft FM für Reinigung, Grünpflege, Hygiene, Unterstützung bei der Abfallentsorgung und Dienstleistersteuerung, mit vereinbartem Leistungsumfang, Qualitätskontrolle und schriftlichem Berichtswesen.",translated_draft
hard-fm:related.1.biztonsagtechnika.nameHu,related.1.title,Biztonságtechnika,Sicherheitstechnik,translated_draft
hard-fm:related.1.biztonsagtechnika.shortDescHu,related.1.description,"Biztonságtechnika kamerarendszerhez, beléptetéshez és riasztási folyamatokhoz, helyszínre szabott biztonsági modellbe illesztve, adatvédelmi szempontokat beépítő technikai tervezéssel.","Sicherheitstechnik für Kamerasysteme, Zutrittskontrolle und Alarmprozesse, eingebettet in ein standortgerechtes Sicherheitsmodell, mit technischer Planung, die Datenschutzaspekte einbezieht.",translated_draft
hard-fm:related.2.tavfelugyelet-vonuloszolgalat.nameHu,related.2.title,Távfelügyelet és vonulószolgálat,Fernüberwachung und Interventionsdienst,translated_draft
hard-fm:related.2.tavfelugyelet-vonuloszolgalat.shortDescHu,related.2.description,"Távfelügyelet és vonulószolgálat jelzésfogadással, riasztás-verifikációval, eszkalációval, eseménynaplózással és egyeztetett reagálási folyamattal.","Fernüberwachung und Interventionsdienst mit Alarmempfang, Alarmverifikation, Eskalation, Ereignisprotokollierung und abgestimmtem Reaktionsprozess.",translated_draft
hard-fm:related.3.objektumorzes.nameHu,related.3.title,Élőerős objektumőrzés,Objektschutz vor Ort,translated_draft
hard-fm:related.3.objektumorzes.shortDescHu,related.3.description,"Élőerős objektumőrzés beléptetéssel, járőrözéssel, incidenskezeléssel, szolgálati naplóval és egyeztetett eszkalációs renddel.","Objektschutz vor Ort mit Zutrittskontrolle, Kontrollgängen, Vorfallbearbeitung, Dienstbuch und abgestimmter Eskalationsordnung.",translated_draft
hard-fm:serviceDetail.hero.cta,cta.hero,Ajánlatkérés,Angebot anfordern,translated_draft
hard-fm:SERVICE_QUOTE_COPY.hu.button,cta.embedded.collapsedButton,Ajánlatkérés,Angebot anfordern,translated_draft
