key,section,hu_text,de_text,de_status
biztonsagtechnika:seoTitleHu,meta.title,Biztonságtechnika vállalati helyszínekre | Avenir,Sicherheitstechnik für Unternehmensstandorte | Avenir,translated_draft
biztonsagtechnika:seoDescriptionHu,meta.description,"Kamerarendszer, beléptetés, behatolásjelzés és riasztási folyamatok élőerős őrzéssel és portaszolgálattal összehangolva.","Kamerasystem, Zutrittskontrolle, Einbruchmeldung und Alarmprozesse — abgestimmt mit Objektschutz und Pförtnerdienst.",translated_draft
biztonsagtechnika:nameHu,hero.h1,Biztonságtechnika,Sicherheitstechnik,translated_draft
biztonsagtechnika:valuePropositionHu,hero.subhead,"A biztonságtechnika a kamerarendszert, a beléptetést és a riasztási folyamatokat helyszínre szabott biztonsági rendszerré kapcsolja össze, dokumentált céllal, arányos lefedettséggel, eszkalációval és működési integrációval.","Die Sicherheitstechnik verbindet Kamerasystem, Zutrittskontrolle und Alarmprozesse zu einem standortgerechten Sicherheitssystem — mit dokumentiertem Zweck, verhältnismäßiger Abdeckung, Eskalation und betrieblicher Integration.",translated_draft
biztonsagtechnika:PILOT_HU.longDesc.body.0,body.1,"A biztonságtechnika célja, hogy a helyszíni vagyonvédelem ne csak emberi jelenlétre támaszkodjon, hanem jól kezelhető technikai támogatást is kapjon. Ide tartozhat a kamerarendszer, a beléptető rendszer, a behatolásjelzés, a riasztási folyamat, a jelzések továbbítása és az események dokumentálása.","Ziel der Sicherheitstechnik ist, dass sich die Sicherheit vor Ort nicht allein auf personelle Präsenz stützt, sondern auch gut handhabbare technische Unterstützung erhält. Dazu können das Kamerasystem, die Zutrittskontrollanlage, die Einbruchmeldung, der Alarmprozess, die Weiterleitung von Meldungen und die Dokumentation der Ereignisse gehören.",translated_draft
biztonsagtechnika:PILOT_HU.longDesc.body.1,body.2,"Avenir a biztonságtechnikai működést nem elszigetelt eszközbeszerzésként kezeli. A helyszíni felmérés alapján azt vizsgáljuk, hol vannak belépési pontok, gyenge ellenőrzési zónák, visszatérő események, kritikus területek és olyan folyamatok, ahol a technológia az őrzést, a portaszolgálatot vagy a távfelügyeletet támogatni tudja.","Avenir behandelt den sicherheitstechnischen Betrieb nicht als isolierte Gerätebeschaffung. Auf Grundlage der Begehung vor Ort prüfen wir, wo sich Zutrittspunkte, schwach kontrollierte Zonen, wiederkehrende Ereignisse, kritische Bereiche und Prozesse befinden, in denen die Technik den Objektschutz, den Pförtnerdienst oder die Fernüberwachung unterstützen kann.",translated_draft
biztonsagtechnika:PILOT_HU.longDesc.body.2,body.3,"Az Avenir a biztonságtechnikai felmérés és tervezés során az adatvédelmi szempontokat is beépíti: a dokumentált célt, az arányos látómezőt, a hozzáférési jogosultságokat, az érintetti tájékoztatást és a megőrzési logikát a helyszín működéséhez és az ügyfél adatvédelmi keretéhez igazítja. Ez támogatja az ügyfél adatvédelmi felülvizsgálatát; a jogalap és a végső adatvédelmi döntések az ügyfél és tanácsadói körében maradnak.","Avenir bezieht bei der sicherheitstechnischen Bestandsaufnahme und Planung auch die Datenschutzaspekte ein: Der dokumentierte Zweck, der verhältnismäßige Erfassungsbereich, die Zugriffsberechtigungen, die Information der Betroffenen und die Speicherlogik werden auf den Betrieb des Standorts und den Datenschutzrahmen des Kunden abgestimmt — im Einklang mit den Grundsätzen der DSGVO und dem in Ungarn anwendbaren Rechtsrahmen. Dies unterstützt die datenschutzrechtliche Prüfung des Kunden; die Rechtsgrundlage und die abschließenden Datenschutzentscheidungen verbleiben beim Kunden und seinen Beratern.",legal_review_required
biztonsagtechnika:PILOT_HU.longDesc.body.3,body.4,"A cél egy átlátható, karbantartható és napi működésben is használható biztonságtechnikai réteg: olyan megoldás, amely nem csak rögzít, hanem segíti az észlelést, az eszkalációt, a beléptetést, a riportálást és a döntéshozatalt.","Ziel ist eine transparente, wartbare und im Tagesbetrieb nutzbare sicherheitstechnische Ebene: eine Lösung, die nicht nur aufzeichnet, sondern Erkennung, Eskalation, Zutrittskontrolle, Berichtswesen und Entscheidungsfindung unterstützt.",translated_draft
biztonsagtechnika:hu.serviceDetail.useCasesEyebrow,useCases.eyebrow,KINEK AJÁNLJUK,EMPFOHLEN FÜR,translated_draft
biztonsagtechnika:hu.serviceDetail.useCasesTitle,useCases.title,Kinek jó,Für wen geeignet,translated_draft
biztonsagtechnika:PILOT_HU.useCases.0,useCases.0,Irodaházak és üzleti központok beléptetési pontjai,Zutrittspunkte von Bürogebäuden und Businesscentern,translated_draft
biztonsagtechnika:PILOT_HU.useCases.1,useCases.1,Ipari és logisztikai telephelyek kamerás és riasztási zónái,Kamera- und Alarmzonen von Industrie- und Logistikstandorten,translated_draft
biztonsagtechnika:PILOT_HU.useCases.2,useCases.2,"Raktárak, teherkapuk és kritikus belépési pontok","Lager, Lkw-Tore und kritische Zutrittspunkte",translated_draft
biztonsagtechnika:PILOT_HU.useCases.3,useCases.3,"Olyan helyszínek, ahol az élőerős őrzést technikai támogatással kell kiegészíteni","Standorte, an denen der personelle Objektschutz technisch ergänzt werden soll",translated_draft
biztonsagtechnika:PILOT_HU.useCases.4,useCases.4,"Meglévő kamerarendszer, beléptető vagy riasztási folyamat felülvizsgálata","Überprüfung vorhandener Kamerasysteme, Zutrittskontroll- oder Alarmprozesse",translated_draft
biztonsagtechnika:hu.serviceDetail.includedEyebrow,included.eyebrow,TARTALOM,LEISTUNGSUMFANG,translated_draft
biztonsagtechnika:hu.serviceDetail.includedTitle,included.title,Mit tartalmaz,Was enthalten ist,translated_draft
biztonsagtechnika:PILOT_HU.includedItems.0,includedItems.0,Kamerarendszer és megfigyelési pontok felmérése,Bestandsaufnahme des Kamerasystems und der Überwachungspunkte,translated_draft
biztonsagtechnika:PILOT_HU.includedItems.1,includedItems.1,Beléptetési pontok és jogosultsági folyamatok áttekintése,Überprüfung der Zutrittspunkte und Berechtigungsprozesse,translated_draft
biztonsagtechnika:PILOT_HU.includedItems.2,includedItems.2,Behatolásjelzés és riasztási folyamatok vizsgálata,Prüfung von Einbruchmeldung und Alarmprozessen,translated_draft
biztonsagtechnika:PILOT_HU.includedItems.3,includedItems.3,Élőerős őrzéssel és portaszolgálattal való összekapcsolás,Verknüpfung mit Objektschutz und Pförtnerdienst,translated_draft
biztonsagtechnika:PILOT_HU.includedItems.4,includedItems.4,Jelzéskezelési és eszkalációs rend kialakítása,Gestaltung der Meldungsbearbeitungs- und Eskalationsordnung,translated_draft
biztonsagtechnika:PILOT_HU.includedItems.5,includedItems.5,Helyszíni biztonsági felmérés és technológiai javaslat,Sicherheitsbegehung vor Ort und Technologievorschlag,translated_draft
biztonsagtechnika:PILOT_HU.includedItems.6,includedItems.6,Eseményrögzítés és riportálási támogatás,Ereigniserfassung und Unterstützung des Berichtswesens,translated_draft
biztonsagtechnika:hu.serviceDetail.processEyebrow,process.eyebrow,FOLYAMAT,ABLAUF,translated_draft
biztonsagtechnika:hu.serviceDetail.processTitle,process.title,Hogyan indul az együttműködés,So startet die Zusammenarbeit,translated_draft
biztonsagtechnika:PILOT_HU.processSteps.0.title,processSteps.0.title,Helyszíni biztonságtechnikai felmérés,Sicherheitstechnische Begehung vor Ort,translated_draft
biztonsagtechnika:PILOT_HU.processSteps.0.body,processSteps.0.body,"Áttekintjük a helyszín belépési pontjait, kamerás lefedettségét, riasztási folyamatait és a kapcsolódó őrzési vagy portaszolgálati működést.","Wir prüfen die Zutrittspunkte des Standorts, die Kameraabdeckung, die Alarmprozesse und den zugehörigen Objektschutz- oder Pförtnerbetrieb.",translated_draft
biztonsagtechnika:PILOT_HU.processSteps.1.title,processSteps.1.title,"Kritikus pontok, belépési zónák és kockázati területek azonosítása","Identifikation kritischer Punkte, Zutrittszonen und Risikobereiche",translated_draft
biztonsagtechnika:PILOT_HU.processSteps.1.body,processSteps.1.body,"Azonosítjuk azokat a zónákat, ahol a mozgás, a jogosultság, a teherforgalom vagy a visszatérő események technikai támogatást igényelnek.","Wir identifizieren die Zonen, in denen Bewegungen, Berechtigungen, Lieferverkehr oder wiederkehrende Ereignisse technische Unterstützung erfordern.",translated_draft
biztonsagtechnika:PILOT_HU.processSteps.2.title,processSteps.2.title,"Kamera-, beléptető-, riasztási és jelzéskezelési folyamatok áttekintése","Überprüfung der Kamera-, Zutritts-, Alarm- und Meldungsprozesse",translated_draft
biztonsagtechnika:PILOT_HU.processSteps.2.body,processSteps.2.body,"Megnézzük, hogy a meglévő vagy tervezett technikai rendszer hogyan támogatja az észlelést, a beléptetést, a riasztást és az eseménykezelést.","Wir prüfen, wie das vorhandene oder geplante technische System Erkennung, Zutrittskontrolle, Alarmierung und Ereignisbearbeitung unterstützt.",translated_draft
biztonsagtechnika:PILOT_HU.processSteps.3.title,processSteps.3.title,Technikai és élőerős vagyonvédelmi működés összehangolása,Abstimmung von technischem und personellem Sicherheitsbetrieb,translated_draft
biztonsagtechnika:PILOT_HU.processSteps.3.body,processSteps.3.body,"A technikai jelzéseket az őri, portaszolgálati, kapcsolattartói és távfelügyeleti folyamatokhoz igazítjuk.","Die technischen Meldungen stimmen wir auf die Prozesse von Sicherheitspersonal, Pförtnerdienst, Ansprechpartnern und Fernüberwachung ab.",translated_draft
biztonsagtechnika:PILOT_HU.processSteps.4.title,processSteps.4.title,"Eszkalációs, riportálási és karbantartási szempontok rögzítése","Festlegung von Eskalations-, Berichts- und Wartungsaspekten",translated_draft
biztonsagtechnika:PILOT_HU.processSteps.4.body,processSteps.4.body,"Rögzítjük, milyen eseményre ki reagál, mit kell naplózni, milyen riport készül, és hogyan marad karbantartható a rendszer.","Wir halten fest, wer auf welches Ereignis reagiert, was zu protokollieren ist, welcher Bericht erstellt wird und wie das System wartbar bleibt.",translated_draft
biztonsagtechnika:PILOT_HU.processSteps.5.title,processSteps.5.title,Javaslat a biztonságtechnikai működés fejlesztésére vagy integrálására,Vorschlag zur Weiterentwicklung oder Integration des sicherheitstechnischen Betriebs,translated_draft
biztonsagtechnika:PILOT_HU.processSteps.5.body,processSteps.5.body,"A felmérés alapján gyakorlati javaslatot adunk arra, hogyan tud a technika jobban kapcsolódni a napi biztonsági működéshez.","Auf Grundlage der Bestandsaufnahme geben wir einen praxisnahen Vorschlag, wie die Technik besser an den täglichen Sicherheitsbetrieb angebunden werden kann.",translated_draft
biztonsagtechnika:hu.serviceDetail.trustEyebrow,trust.eyebrow,MIÉRT BÍZHAT BENNÜNK,WARUM SIE UNS VERTRAUEN KÖNNEN,translated_draft
biztonsagtechnika:hu.serviceDetail.trustTitle,trust.title,Bizalmi elemek,Vertrauenselemente,translated_draft
biztonsagtechnika:PILOT_HU.trustItems.0.title,trustItems.0.title,Helyszínre szabott biztonságtechnikai felmérés,Standortgerechte sicherheitstechnische Bestandsaufnahme,translated_draft
biztonsagtechnika:PILOT_HU.trustItems.0.body,trustItems.0.body,"A technikai igényeket helyszíni felmérés és működési áttekintés alapján rögzítjük, nem önálló eszközlistaként.",Die technischen Anforderungen erfassen wir auf Grundlage einer Begehung vor Ort und einer Betriebsanalyse — nicht als bloße Geräteliste.,translated_draft
biztonsagtechnika:PILOT_HU.trustItems.1.title,trustItems.1.title,Biztonságtechnikai engedéllyel támogatott működés,Betrieb auf Grundlage der sicherheitstechnischen Genehmigung,translated_draft
biztonsagtechnika:PILOT_HU.trustItems.1.body,trustItems.1.body,A szolgáltatás a biztonságtechnikai engedélyhez és a helyszíni szerződéses igényekhez igazodva alakítható ki.,Die Leistung wird im Einklang mit der sicherheitstechnischen Genehmigung und den vertraglichen Anforderungen des Standorts gestaltet.,legal_review_required
biztonsagtechnika:PILOT_HU.trustItems.2.title,trustItems.2.title,Integráció a helyszíni működéssel és eszkalációs lánccal,Integration in den Standortbetrieb und die Eskalationskette,translated_draft
biztonsagtechnika:PILOT_HU.trustItems.2.body,trustItems.2.body,"A kamera-, beléptetési és riasztási jelzések akkor adnak valódi működési értéket, ha kapcsolódnak az őri jelenléthez, a portaszolgálati folyamatokhoz, a meghatározott eszkalációs útvonalakhoz és az egyértelműen kijelölt reagálási felelősségekhez.","Kamera-, Zutritts- und Alarmmeldungen schaffen erst dann echten betrieblichen Wert, wenn sie mit der Präsenz des Sicherheitspersonals, den Pförtnerprozessen, den definierten Eskalationswegen und klar benannten Reaktionsverantwortlichkeiten verbunden sind.",translated_draft
biztonsagtechnika:PILOT_HU.trustItems.3.title,trustItems.3.title,Kapcsolódás portaszolgálati és beléptetési folyamatokhoz,Anbindung an Pförtner- und Zutrittsprozesse,translated_draft
biztonsagtechnika:PILOT_HU.trustItems.3.body,trustItems.3.body,"A technikai rendszer támogathatja a vendég-, beszállítói és munkatársi beléptetést, valamint a jogosultsági szabályok követését.","Das technische System kann die Zutrittskontrolle von Besuchern, Lieferanten und Mitarbeitern sowie die Einhaltung der Berechtigungsregeln unterstützen.",translated_draft
biztonsagtechnika:PILOT_HU.trustItems.4.title,trustItems.4.title,Adatvédelmi szempontokat beépítő biztonságtechnikai tervezés,"Sicherheitstechnische Planung, die Datenschutzaspekte einbezieht",translated_draft
biztonsagtechnika:PILOT_HU.trustItems.4.body,trustItems.4.body,"A kameraképek lefedettsége, a látómező, a hozzáférési jogosultságok, az érintetti tájékoztatás és a megőrzési logika a biztonságtechnikai felmérés és tervezés részeként kezelendő.","Die Abdeckung der Kamerabilder, der Erfassungsbereich, die Zugriffsberechtigungen, die Information der Betroffenen und die Speicherlogik sind als Teil der sicherheitstechnischen Bestandsaufnahme und Planung zu behandeln.",legal_review_required
biztonsagtechnika:PILOT_HU.trustItems.5.title,trustItems.5.title,Dokumentált megállapítások és megvalósítási javaslat,Dokumentierte Feststellungen und Umsetzungsvorschlag,translated_draft
biztonsagtechnika:PILOT_HU.trustItems.5.body,trustItems.5.body,"A felmérés eredménye riportálható megállapításokban, prioritásokban, integrációs pontokban és megvalósítási javaslatban foglalható össze.","Das Ergebnis der Bestandsaufnahme lässt sich in berichtsfähigen Feststellungen, Prioritäten, Integrationspunkten und einem Umsetzungsvorschlag zusammenfassen.",translated_draft
biztonsagtechnika:PILOT_HU.trustItems.6.title,trustItems.6.title,ISO 9001 és ISO 27001 által támogatott működési fegyelem,"Betriebsdisziplin, gestützt auf ISO 9001 und ISO 27001",translated_draft
biztonsagtechnika:PILOT_HU.trustItems.6.body,trustItems.6.body,"A működés ISO 9001 és ISO 27001 tanúsított irányítási rendszerekhez illeszkedő szabályozott folyamatokra építhető, amennyiben az adott folyamatok a tanúsított működési körbe tartoznak.","Der Betrieb kann auf geregelte Prozesse gestützt werden, die an die nach ISO 9001 und ISO 27001 zertifizierten Managementsysteme anschließen, sofern die betreffenden Prozesse in den zertifizierten Geltungsbereich fallen.",translated_draft
biztonsagtechnika:hu.serviceDetail.faqEyebrow,faq.eyebrow,GYAKORI KÉRDÉSEK,HÄUFIGE FRAGEN,translated_draft
biztonsagtechnika:hu.serviceDetail.faqTitle,faq.title,Mit kérdeznek leggyakrabban,Was am häufigsten gefragt wird,translated_draft
biztonsagtechnika:PILOT_HU.faq.0.q,faq.0.q,Mit jelent a biztonságtechnika az Avenir szolgáltatásában?,Was bedeutet Sicherheitstechnik in der Leistung von Avenir?,translated_draft
biztonsagtechnika:PILOT_HU.faq.0.a,faq.0.a,"A biztonságtechnika a helyszíni vagyonvédelem technikai rétegét jelenti: kamerarendszert, beléptetést, behatolásjelzést, riasztási folyamatot, jelzéskezelést és ezek szabályozott működését. A cél, hogy a technika ne különálló eszköz legyen, hanem támogassa az őrzést, a portaszolgálatot és az eszkalációt.","Sicherheitstechnik ist die technische Ebene der Sicherheit vor Ort: Kamerasystem, Zutrittskontrolle, Einbruchmeldung, Alarmprozess, Meldungsbearbeitung und deren geregelter Betrieb. Ziel ist, dass die Technik kein isoliertes Gerät bleibt, sondern Objektschutz, Pförtnerdienst und Eskalation unterstützt.",translated_draft
biztonsagtechnika:PILOT_HU.faq.1.q,faq.1.q,Összeköthető a biztonságtechnika az élőerős őrzéssel?,Lässt sich die Sicherheitstechnik mit dem personellen Objektschutz verbinden?,translated_draft
biztonsagtechnika:PILOT_HU.faq.1.a,faq.1.a,"Igen. A kamerarendszer, beléptető vagy riasztási folyamat akkor ad valódi értéket, ha az őrök, a porta, a kapcsolattartók és az eszkalációs rend is tudja, mikor milyen jelzésre mi a teendő.","Ja. Kamerasystem, Zutrittskontrolle oder Alarmprozess schaffen erst dann echten Wert, wenn auch Sicherheitspersonal, Pforte, Ansprechpartner und Eskalationsordnung wissen, was bei welcher Meldung zu tun ist.",translated_draft
biztonsagtechnika:PILOT_HU.faq.2.q,faq.2.q,Milyen helyszíneken hasznos a biztonságtechnikai felmérés?,An welchen Standorten ist eine sicherheitstechnische Bestandsaufnahme sinnvoll?,translated_draft
biztonsagtechnika:PILOT_HU.faq.2.a,faq.2.a,"Különösen hasznos irodaházaknál, ipari és logisztikai telephelyeken, raktáraknál, teherkapuknál, több belépési ponttal működő objektumoknál, illetve olyan helyszíneken, ahol visszatérő incidensek vagy ellenőrizetlen mozgások fordulnak elő.","Besonders sinnvoll ist sie bei Bürogebäuden, Industrie- und Logistikstandorten, Lagern, Lkw-Toren, Objekten mit mehreren Zutrittspunkten sowie an Standorten mit wiederkehrenden Vorfällen oder unkontrollierten Bewegungen.",translated_draft
biztonsagtechnika:PILOT_HU.faq.3.q,faq.3.q,"Csak új rendszert lehet tervezni, vagy meglévő rendszert is felül lehet vizsgálni?",Kann nur ein neues System geplant oder auch ein bestehendes überprüft werden?,translated_draft
biztonsagtechnika:PILOT_HU.faq.3.a,faq.3.a,"Meglévő kamerarendszer, beléptető vagy riasztási folyamat is felülvizsgálható. Ilyenkor azt nézzük meg, hogy a jelenlegi technika támogatja-e a napi működést, az őrzést, az eseménykezelést és a riportálást.","Auch vorhandene Kamerasysteme, Zutrittskontroll- oder Alarmprozesse können überprüft werden. Dabei untersuchen wir, ob die aktuelle Technik den täglichen Betrieb, den Objektschutz, die Ereignisbearbeitung und das Berichtswesen unterstützt.",translated_draft
biztonsagtechnika:PILOT_HU.faq.4.q,faq.4.q,Kapcsolódhat a rendszer távfelügyelethez?,Kann das System an eine Fernüberwachung angebunden werden?,translated_draft
biztonsagtechnika:PILOT_HU.faq.4.a,faq.4.a,"Igen, ahol erre szükség van, a biztonságtechnikai folyamat kapcsolódhat távfelügyeleti vagy jelzéskezelési működéshez. Ennek részleteit a helyszíni kockázatok, a technikai adottságok és a szerződéses igények alapján érdemes rögzíteni.","Ja, wo dies erforderlich ist, kann der sicherheitstechnische Prozess an eine Fernüberwachung oder Meldungsbearbeitung angebunden werden. Die Einzelheiten sollten auf Grundlage der Standortrisiken, der technischen Gegebenheiten und der vertraglichen Anforderungen festgelegt werden.",translated_draft
biztonsagtechnika:PILOT_HU.faq.5.q,faq.5.q,Miért fontos a rögzített eszkalációs rend?,Warum ist eine festgeschriebene Eskalationsordnung wichtig?,translated_draft
biztonsagtechnika:PILOT_HU.faq.5.a,faq.5.a,"Az eszkalációs rend határozza meg, hogy riasztás, rendkívüli esemény vagy jogosulatlan belépési kísérlet esetén ki kap jelzést, milyen sorrendben történik az értesítés, mit kell rögzíteni, és hogyan zárul le az esemény kezelése.","Die Eskalationsordnung legt fest, wer bei Alarm, außergewöhnlichem Ereignis oder unbefugtem Zutrittsversuch eine Meldung erhält, in welcher Reihenfolge benachrichtigt wird, was zu erfassen ist und wie die Bearbeitung des Ereignisses abgeschlossen wird.",translated_draft
biztonsagtechnika:PILOT_HU.faq.6.q,faq.6.q,"Miben más ez, mint egy egyszerű kamera- vagy riasztórendszer?",Worin unterscheidet sich das von einem einfachen Kamera- oder Alarmsystem?,translated_draft
biztonsagtechnika:PILOT_HU.faq.6.a,faq.6.a,"Egy kamera- vagy riasztórendszer önmagában csak eszköz. Avenir szemléletében a biztonságtechnika a teljes helyszíni működés része: kapcsolódik az őrzéshez, a portaszolgálathoz, a beléptetéshez, a jelzéskezeléshez és a riportáláshoz.","Ein Kamera- oder Alarmsystem ist für sich genommen nur ein Gerät. Im Verständnis von Avenir ist Sicherheitstechnik Teil des gesamten Standortbetriebs: verbunden mit Objektschutz, Pförtnerdienst, Zutrittskontrolle, Meldungsbearbeitung und Berichtswesen.",translated_draft
biztonsagtechnika:PILOT_HU.faq.7.q,faq.7.q,Kell-e adatvédelmi szempontokat vizsgálni kamerarendszer kialakításánál?,Müssen bei der Gestaltung eines Kamerasystems Datenschutzaspekte geprüft werden?,translated_draft
biztonsagtechnika:PILOT_HU.faq.7.a,faq.7.a,"Igen. Kamerarendszer tervezésekor a célhoz kötöttség, az érintetti tájékoztatás, a jogos érdek dokumentálása, a kamerák látószöge, a megőrzési idő és a helyszín saját adatkezelési környezete is vizsgálandó. Ez nem jogi tanácsadás, de a műszaki javaslatnak ezekkel a szempontokkal is számolnia kell.","Ja. Bei der Planung eines Kamerasystems sind die Zweckbindung, die Information der Betroffenen, die Dokumentation des berechtigten Interesses, der Erfassungsbereich der Kameras, die Speicherdauer und das eigene Datenschutzumfeld des Standorts zu prüfen. Dies ist keine Rechtsberatung, doch der technische Vorschlag muss diese Aspekte berücksichtigen.",legal_review_required
biztonsagtechnika:PILOT_HU.faq.8.q,faq.8.q,Milyen szempontok befolyásolják a kamerafelvételek megőrzési idejét?,Welche Faktoren beeinflussen die Speicherdauer von Kameraaufnahmen?,translated_draft
biztonsagtechnika:PILOT_HU.faq.8.a,faq.8.a,"A megőrzési időt a rögzítés célja, a helyszín kockázati profilja, az incidenskezelési igény, a belső szabályzat és az adatvédelmi környezet befolyásolja. Nincs minden helyszínre azonos, általános válasz; a megőrzési rendet szakmailag indokoltan kell kialakítani.","Die Speicherdauer wird vom Zweck der Aufzeichnung, vom Risikoprofil des Standorts, vom Bedarf der Vorfallbearbeitung, von internen Richtlinien und vom Datenschutzumfeld beeinflusst. Eine für alle Standorte gleiche, allgemeine Antwort gibt es nicht; die Speicherordnung ist fachlich begründet festzulegen.",legal_review_required
biztonsagtechnika:DE_ONLY.faq.9.q,faq.9.q,[DE-only addition — no HU source],Wer führt die Interessenabwägung für eine Videoüberwachung durch?,legal_review_required
biztonsagtechnika:DE_ONLY.faq.9.a,faq.9.a,[DE-only addition — no HU source],"Die Interessenabwägung — etwa zur Stützung eines berechtigten Interesses nach der DSGVO — ist Teil des Datenschutzrahmens des Kunden als Verantwortlichem. Avenir liefert dafür die technische und betriebliche Grundlage: den dokumentierten Zweck, die Erfassungsbereiche sowie die Zugriffs- und Speicherlogik. Die Bewertung selbst und die Entscheidung über die Rechtsgrundlage verbleiben beim Kunden und seinen Beratern. Dies ist keine Rechtsberatung.",legal_review_required
biztonsagtechnika:DE_ONLY.faq.10.q,faq.10.q,[DE-only addition — no HU source],Wie lange dürfen Kameraaufnahmen gespeichert werden?,legal_review_required
biztonsagtechnika:DE_ONLY.faq.10.a,faq.10.a,[DE-only addition — no HU source],"Eine einheitliche, für alle Standorte gültige Speicherdauer gibt es nicht. Maßgeblich sind der dokumentierte Zweck der Aufzeichnung, das Risikoprofil des Standorts, der Bedarf der Vorfallbearbeitung, interne Richtlinien und der anwendbare Datenschutzrahmen — einschließlich des Grundsatzes der Speicherbegrenzung. Die Speicherordnung ist fachlich begründet festzulegen; die abschließende Entscheidung liegt beim Kunden als Verantwortlichem.",legal_review_required
biztonsagtechnika:hu.serviceDetail.relatedEyebrow,related.eyebrow,MÉG AZ AVENIRTŐL,WEITERES VON AVENIR,translated_draft
biztonsagtechnika:hu.serviceDetail.relatedTitle,related.title,Kapcsolódó szolgáltatások,Verwandte Leistungen,translated_draft
biztonsagtechnika:related.0.tavfelugyelet-vonuloszolgalat.nameHu,related.0.title,Távfelügyelet és vonulószolgálat,Fernüberwachung und Interventionsdienst,translated_draft
biztonsagtechnika:related.0.tavfelugyelet-vonuloszolgalat.shortDescHu,related.0.description,"Távfelügyelet és vonulószolgálat jelzésfogadással, riasztás-verifikációval, eszkalációval, eseménynaplózással és egyeztetett reagálási folyamattal.","Fernüberwachung und Interventionsdienst mit Alarmempfang, Alarmverifikation, Eskalation, Ereignisprotokollierung und abgestimmtem Reaktionsprozess.",translated_draft
biztonsagtechnika:related.1.objektumorzes.nameHu,related.1.title,Élőerős objektumőrzés,Objektschutz vor Ort,translated_draft
biztonsagtechnika:related.1.objektumorzes.shortDescHu,related.1.description,"Élőerős objektumőrzés beléptetéssel, járőrözéssel, incidenskezeléssel, szolgálati naplóval és egyeztetett eszkalációs renddel.","Objektschutz vor Ort mit Zutrittskontrolle, Kontrollgängen, Vorfallbearbeitung, Dienstbuch und abgestimmter Eskalationsordnung.",translated_draft
biztonsagtechnika:related.2.portaszolgalat.nameHu,related.2.title,Recepciós és portaszolgálat,Empfangs- und Pförtnerdienst,translated_draft
biztonsagtechnika:related.2.portaszolgalat.shortDescHu,related.2.description,"Recepciós és portaszolgálat látogatók, beszállítók, munkatársak, kulcsok, csomagok, naplózás és egyeztetett eszkaláció kezelésére.","Empfangs- und Pförtnerdienst für Besucher, Lieferanten, Mitarbeiter, Schlüssel, Pakete, Protokollierung und abgestimmte Eskalation.",translated_draft
biztonsagtechnika:related.3.hard-fm.nameHu,related.3.title,Hard FM,Hard FM,translated_draft
biztonsagtechnika:related.3.hard-fm.shortDescHu,related.3.description,"Hard FM tervezett megelőző karbantartással, reaktív hibakezeléssel, szakcéges koordinációval, dokumentált hibanaplóval és működési riportálással.","Hard FM mit geplanter vorbeugender Instandhaltung, reaktiver Störungsbearbeitung, Koordination von Fachfirmen, dokumentiertem Störungsprotokoll und betrieblichem Berichtswesen.",translated_draft
biztonsagtechnika:serviceDetail.hero.cta,cta.hero,Ajánlatkérés,Angebot anfordern,translated_draft
biztonsagtechnika:SERVICE_QUOTE_COPY.hu.button,cta.embedded.collapsedButton,Ajánlatkérés,Angebot anfordern,translated_draft
tavfelugyelet-vonuloszolgalat:seoTitleHu,meta.title,Távfelügyelet és vonulószolgálat | Avenir,Fernüberwachung und Interventionsdienst | Avenir,translated_draft
tavfelugyelet-vonuloszolgalat:seoDescriptionHu,meta.description,"Riasztási jelzések kezelése, eszkaláció, eseményrögzítés és vonulószolgálati folyamat biztonságtechnikával és őrzéssel összehangolva.","Bearbeitung von Alarmmeldungen, Eskalation, Ereigniserfassung und Interventionsdienst — abgestimmt mit Sicherheitstechnik und Objektschutz.",translated_draft
tavfelugyelet-vonuloszolgalat:nameHu,hero.h1,Távfelügyelet és vonulószolgálat,Fernüberwachung und Interventionsdienst,translated_draft
tavfelugyelet-vonuloszolgalat:valuePropositionHu,hero.subhead,"Az Avenir 24/7 diszpécseri háttérrel kezeli a csatlakoztatott helyszínekről érkező riasztási, behatolásjelzési és kamerajelzéseket; minden jelzés ellenőrzött eszkalációs folyamatba kerül, és az intézkedések eseménynaplóban rögzülnek.","Avenir bearbeitet mit einer 24/7-Leitstelle die Alarm-, Einbruch- und Kamerameldungen der aufgeschalteten Standorte; jede Meldung durchläuft einen geprüften Eskalationsprozess, und die Maßnahmen werden im Ereignisprotokoll festgehalten.",translated_draft
tavfelugyelet-vonuloszolgalat:PILOT_HU.longDesc.body.0,body.1,"Az Avenir az egyeztetett távfelügyeleti beállítás szerint fogadja a csatlakoztatott helyszínekről érkező riasztási, behatolásjelzési és kamerához kapcsolódó jelzéseket. A jelzések az előre rögzített verifikációs protokoll szerint kerülnek ellenőrzésre az eszkaláció előtt. A téves jelzések naplózhatók és elemezhetők; a valós események a helyszíni protokoll szerint a kijelölt kapcsolattartóhoz, vonulószolgálathoz vagy külső eszkalációs útvonalhoz kerülnek. Az intézkedések eseménynaplóban rögzülnek.","Avenir nimmt die Alarm-, Einbruch- und kamerabezogenen Meldungen der aufgeschalteten Standorte gemäß der vereinbarten Aufschaltungskonfiguration entgegen. Die Meldungen werden vor der Eskalation nach dem vorab festgelegten Verifikationsprotokoll geprüft. Fehlalarme können protokolliert und ausgewertet werden; reale Ereignisse werden nach dem Standortprotokoll an den benannten Ansprechpartner, den Interventionsdienst oder den externen Eskalationsweg weitergeleitet. Die Maßnahmen werden im Ereignisprotokoll festgehalten.",translated_draft
tavfelugyelet-vonuloszolgalat:PILOT_HU.longDesc.body.1,body.2,"Ha a szolgáltatás távfelügyeleti jelzéskezelést tartalmaz, a verifikációs lépés a működési eljárás része, és eseményenként dokumentálásra kerül. A távfelügyelet és a vonulószolgálat jogi és szerződéses keretei az előkészítés során kerülnek egyeztetésre; a külső eszkaláció az egyeztetett helyszíni protokoll és az alkalmazandó szabályok szerint történik.","Umfasst die Leistung die Meldungsbearbeitung der Fernüberwachung, ist der Verifikationsschritt Teil des Betriebsverfahrens und wird je Ereignis dokumentiert. Die rechtlichen und vertraglichen Rahmenbedingungen der Fernüberwachung und des Interventionsdienstes werden in der Vorbereitungsphase abgestimmt; die externe Eskalation erfolgt nach dem vereinbarten Standortprotokoll und den anwendbaren Vorschriften.",legal_review_required
tavfelugyelet-vonuloszolgalat:PILOT_HU.longDesc.body.2,body.3,"A távfelügyelet akkor működik jól, ha kapcsolódik a helyszín többi biztonsági rétegéhez: a biztonságtechnikához, az élőerős őrzéshez, a portaszolgálathoz és az egyeztetett reagálási folyamathoz. Így a jelzéskezelés, az eszkaláció, az eseménynaplózás és a lezárás egy működési modellbe rendeződik.","Die Fernüberwachung funktioniert dann gut, wenn sie mit den übrigen Sicherheitsebenen des Standorts verbunden ist: mit der Sicherheitstechnik, dem Objektschutz, dem Pförtnerdienst und dem abgestimmten Reaktionsprozess. So fügen sich Meldungsbearbeitung, Eskalation, Ereignisprotokollierung und Abschluss zu einem Betriebsmodell zusammen.",translated_draft
tavfelugyelet-vonuloszolgalat:hu.serviceDetail.useCasesEyebrow,useCases.eyebrow,KINEK AJÁNLJUK,EMPFOHLEN FÜR,translated_draft
tavfelugyelet-vonuloszolgalat:hu.serviceDetail.useCasesTitle,useCases.title,Kinek jó,Für wen geeignet,translated_draft
tavfelugyelet-vonuloszolgalat:PILOT_HU.useCases.0,useCases.0,"Ipari és logisztikai helyszínek behatolásjelzési, riasztási vagy peremvédelmi jelzésekkel","Industrie- und Logistikstandorte mit Einbruch-, Alarm- oder Perimeterschutz-Meldungen",translated_draft
tavfelugyelet-vonuloszolgalat:PILOT_HU.useCases.1,useCases.1,"Irodaházak, raktárak és üzleti központok kamerával felügyelt zónákkal","Bürogebäude, Lager und Businesscenter mit kameraüberwachten Zonen",translated_draft
tavfelugyelet-vonuloszolgalat:PILOT_HU.useCases.2,useCases.2,"Beléptetéssel vagy behatolásjelzéssel működő helyszínek, ahol 24/7 jelzéskezelés szükséges","Standorte mit Zutrittskontrolle oder Einbruchmeldung, an denen eine 24/7-Meldungsbearbeitung erforderlich ist",translated_draft
tavfelugyelet-vonuloszolgalat:PILOT_HU.useCases.3,useCases.3,Több bérlős vagy több helyszínes működés dokumentált eszkalációs lánccal,Betrieb mit mehreren Mietern oder Standorten und dokumentierter Eskalationskette,translated_draft
tavfelugyelet-vonuloszolgalat:PILOT_HU.useCases.4,useCases.4,"Meglévő távfelügyeleti vagy vonulószolgálati folyamatok felülvizsgálata verifikációs, reagálási vagy riportálási hiányosságok miatt","Überprüfung bestehender Fernüberwachungs- oder Interventionsprozesse wegen Lücken bei Verifikation, Reaktion oder Berichtswesen",translated_draft
tavfelugyelet-vonuloszolgalat:hu.serviceDetail.includedEyebrow,included.eyebrow,TARTALOM,LEISTUNGSUMFANG,translated_draft
tavfelugyelet-vonuloszolgalat:hu.serviceDetail.includedTitle,included.title,Mit tartalmaz,Was enthalten ist,translated_draft
tavfelugyelet-vonuloszolgalat:PILOT_HU.includedItems.0,includedItems.0,24/7 riasztási és kamerajelzések fogadása az egyeztetett távfelügyeleti beállítás szerint,24/7-Entgegennahme von Alarm- und Kamerameldungen gemäß der vereinbarten Aufschaltungskonfiguration,translated_draft
tavfelugyelet-vonuloszolgalat:PILOT_HU.includedItems.1,includedItems.1,"Verifikált riasztási protokoll, eseményenként dokumentált ellenőrzési lépéssel",Verifiziertes Alarmprotokoll mit je Ereignis dokumentiertem Prüfschritt,translated_draft
tavfelugyelet-vonuloszolgalat:PILOT_HU.includedItems.2,includedItems.2,"Név szerinti kapcsolattartási lánc, eszkalációs mátrix és értesítési szabályok","Namentliche Kontaktkette, Eskalationsmatrix und Benachrichtigungsregeln",translated_draft
tavfelugyelet-vonuloszolgalat:PILOT_HU.includedItems.3,includedItems.3,Saját vonulószolgálati folyamat egyeztetett szerződéses feltételek szerint,Eigener Interventionsdienst nach vereinbarten Vertragsbedingungen,translated_draft
tavfelugyelet-vonuloszolgalat:PILOT_HU.includedItems.4,includedItems.4,Időbélyegzett eseménynapló és eseményriport,Ereignisprotokoll mit Zeitstempel und Ereignisbericht,translated_draft
tavfelugyelet-vonuloszolgalat:PILOT_HU.includedItems.5,includedItems.5,"Kapcsolódás a helyszín biztonságtechnikájához, élőerős őrzéséhez és portaszolgálatához","Anbindung an Sicherheitstechnik, Objektschutz und Pförtnerdienst des Standorts",translated_draft
tavfelugyelet-vonuloszolgalat:hu.serviceDetail.processEyebrow,process.eyebrow,FOLYAMAT,ABLAUF,translated_draft
tavfelugyelet-vonuloszolgalat:hu.serviceDetail.processTitle,process.title,Hogyan indul az együttműködés,So startet die Zusammenarbeit,translated_draft
tavfelugyelet-vonuloszolgalat:PILOT_HU.processSteps.0.title,processSteps.0.title,Helyszíni és technikai adottságok áttekintése,Überblick über Standort und technische Gegebenheiten,translated_draft
tavfelugyelet-vonuloszolgalat:PILOT_HU.processSteps.0.body,processSteps.0.body,"Áttekintjük a riasztási pontokat, jelzésforrásokat, technikai adottságokat és a helyszín őrzési vagy portaszolgálati működését.","Wir prüfen die Alarmpunkte, Meldungsquellen, technischen Gegebenheiten sowie den Objektschutz- oder Pförtnerbetrieb des Standorts.",translated_draft
tavfelugyelet-vonuloszolgalat:PILOT_HU.processSteps.1.title,processSteps.1.title,Jelzésforrások és verifikációs pontok feltérképezése,Erfassung von Meldungsquellen und Verifikationspunkten,translated_draft
tavfelugyelet-vonuloszolgalat:PILOT_HU.processSteps.1.body,processSteps.1.body,"Meghatározzuk, milyen jelzések keletkezhetnek, milyen forrásból érkeznek, milyen ellenőrzési pontok kapcsolódnak hozzájuk, és hogyan kell dokumentálni a verifikációt.","Wir bestimmen, welche Meldungen entstehen können, aus welchen Quellen sie kommen, welche Prüfpunkte dazugehören und wie die Verifikation zu dokumentieren ist.",translated_draft
tavfelugyelet-vonuloszolgalat:PILOT_HU.processSteps.2.title,processSteps.2.title,Kapcsolattartási lánc és eszkalációs mátrix kialakítása,Gestaltung der Kontaktkette und Eskalationsmatrix,translated_draft
tavfelugyelet-vonuloszolgalat:PILOT_HU.processSteps.2.body,processSteps.2.body,"Rögzítjük, milyen esemény esetén kit kell értesíteni, milyen sorrendben történjen az eszkaláció, és milyen esemény indít vonulószolgálati vagy külső reagálási folyamatot.","Wir legen fest, wer bei welchem Ereignis zu benachrichtigen ist, in welcher Reihenfolge eskaliert wird und welches Ereignis einen Interventions- oder externen Reaktionsprozess auslöst.",translated_draft
tavfelugyelet-vonuloszolgalat:PILOT_HU.processSteps.3.title,processSteps.3.title,Vonulószolgálati működés egyeztetett feltételek szerint,Interventionsdienst nach vereinbarten Bedingungen,translated_draft
tavfelugyelet-vonuloszolgalat:PILOT_HU.processSteps.3.body,processSteps.3.body,"A helyszíni reagálási folyamatot a technikai adottságokhoz, a szolgáltatási területhez és a szerződéses feltételekhez igazítjuk.","Den Reaktionsprozess vor Ort stimmen wir auf die technischen Gegebenheiten, das Einsatzgebiet und die vertraglichen Bedingungen ab.",translated_draft
tavfelugyelet-vonuloszolgalat:PILOT_HU.processSteps.4.title,processSteps.4.title,Eseménynaplózási és riportálási szabályok,Regeln für Ereignisprotokollierung und Berichtswesen,translated_draft
tavfelugyelet-vonuloszolgalat:PILOT_HU.processSteps.4.body,processSteps.4.body,"Meghatározzuk, mit kell naplózni, milyen riport készüljön, milyen lezárási státuszok használhatók, és hogyan legyen visszakereshető az eseménykezelés.","Wir definieren, was zu protokollieren ist, welcher Bericht erstellt wird, welche Abschlussstatus verwendet werden und wie die Ereignisbearbeitung rückverfolgbar bleibt.",translated_draft
tavfelugyelet-vonuloszolgalat:PILOT_HU.processSteps.5.title,processSteps.5.title,"Indítás, működéskövetés és finomhangolás","Start, Betriebsbegleitung und Feinjustierung",translated_draft
tavfelugyelet-vonuloszolgalat:PILOT_HU.processSteps.5.body,processSteps.5.body,"Az indulás után a visszatérő jelzéseket, tapasztalatokat és riportokat egyeztetjük, majd szükség szerint pontosítjuk a folyamatot.","Nach dem Start stimmen wir wiederkehrende Meldungen, Erfahrungen und Berichte ab und präzisieren den Prozess bei Bedarf.",translated_draft
tavfelugyelet-vonuloszolgalat:hu.serviceDetail.trustEyebrow,trust.eyebrow,MIÉRT BÍZHAT BENNÜNK,WARUM SIE UNS VERTRAUEN KÖNNEN,translated_draft
tavfelugyelet-vonuloszolgalat:hu.serviceDetail.trustTitle,trust.title,Bizalmi elemek,Vertrauenselemente,translated_draft
tavfelugyelet-vonuloszolgalat:PILOT_HU.trustItems.0.title,trustItems.0.title,24/7 jelzésfogadás verifikált eszkalációval,24/7-Meldungsempfang mit verifizierter Eskalation,translated_draft
tavfelugyelet-vonuloszolgalat:PILOT_HU.trustItems.0.body,trustItems.0.body,"Az Avenir 24/7 jelzésfogadást biztosít a csatlakoztatott helyszínekhez, a riasztások pedig az egyeztetett verifikációs protokoll szerint kerülnek ellenőrzésre az eszkaláció előtt.",Avenir stellt für die aufgeschalteten Standorte einen 24/7-Meldungsempfang sicher; die Alarme werden vor der Eskalation nach dem vereinbarten Verifikationsprotokoll geprüft.,translated_draft
tavfelugyelet-vonuloszolgalat:PILOT_HU.trustItems.1.title,trustItems.1.title,Dokumentált riasztás-verifikációs napló,Dokumentiertes Alarmverifikationsprotokoll,translated_draft
tavfelugyelet-vonuloszolgalat:PILOT_HU.trustItems.1.body,trustItems.1.body,"Minden jelzés, ellenőrzési lépés és eszkalációs döntés eseménynaplóban rögzül, amely a szolgáltatási megállapodás szerint visszakereshető.","Jede Meldung, jeder Prüfschritt und jede Eskalationsentscheidung wird im Ereignisprotokoll festgehalten, das gemäß der Servicevereinbarung rückverfolgbar ist.",translated_draft
tavfelugyelet-vonuloszolgalat:PILOT_HU.trustItems.2.title,trustItems.2.title,Név szerinti kapcsolattartási lánc és eszkalációs mátrix,Namentliche Kontaktkette und Eskalationsmatrix,translated_draft
tavfelugyelet-vonuloszolgalat:PILOT_HU.trustItems.2.body,trustItems.2.body,"Az értesítési sorrend, a kijelölt kapcsolattartók és a reagálási kiváltó pontok előre egyeztetve és helyszínenként dokumentálva vannak.","Benachrichtigungsreihenfolge, benannte Ansprechpartner und Reaktionsauslöser sind vorab abgestimmt und je Standort dokumentiert.",translated_draft
tavfelugyelet-vonuloszolgalat:PILOT_HU.trustItems.3.title,trustItems.3.title,"Működési integráció biztonságtechnikával, őrzéssel és portaszolgálattal","Betriebliche Integration mit Sicherheitstechnik, Objektschutz und Pförtnerdienst",translated_draft
tavfelugyelet-vonuloszolgalat:PILOT_HU.trustItems.3.body,trustItems.3.body,"A távfelügyelet a helyszín kamerarendszerével, beléptetésével, élőerős őrzésével és portaszolgálatával együtt működik, hogy a jelzéskezelés és a reagálás egy működési modell szerint történjen.","Die Fernüberwachung arbeitet mit dem Kamerasystem, der Zutrittskontrolle, dem Objektschutz und dem Pförtnerdienst des Standorts zusammen, damit Meldungsbearbeitung und Reaktion nach einem Betriebsmodell erfolgen.",translated_draft
tavfelugyelet-vonuloszolgalat:PILOT_HU.trustItems.4.title,trustItems.4.title,Eseményrögzítés és időszakos incidensriport,Ereigniserfassung und periodischer Vorfallbericht,translated_draft
tavfelugyelet-vonuloszolgalat:PILOT_HU.trustItems.4.body,trustItems.4.body,"Az ügyfél az egyeztetett gyakoriság szerint eseményriportot kap; az eseménynapló támogatja a téves jelzések, visszatérő események és fejlesztési pontok áttekintését.","Der Kunde erhält nach der vereinbarten Häufigkeit einen Ereignisbericht; das Ereignisprotokoll unterstützt die Auswertung von Fehlalarmen, wiederkehrenden Ereignissen und Verbesserungspunkten.",translated_draft
tavfelugyelet-vonuloszolgalat:PILOT_HU.trustItems.5.title,trustItems.5.title,ISO 9001 és ISO 27001 irányítási rendszerek,Managementsysteme nach ISO 9001 und ISO 27001,translated_draft
tavfelugyelet-vonuloszolgalat:PILOT_HU.trustItems.5.body,trustItems.5.body,"A távfelügyeleti működést az Avenir ISO 9001 és ISO 27001 tanúsított irányítási rendszerei támogatják, amennyiben ezek a folyamatok a tanúsított működési körbe tartoznak.","Der Fernüberwachungsbetrieb wird durch die nach ISO 9001 und ISO 27001 zertifizierten Managementsysteme von Avenir unterstützt, sofern diese Prozesse in den zertifizierten Geltungsbereich fallen.",translated_draft
tavfelugyelet-vonuloszolgalat:hu.serviceDetail.faqEyebrow,faq.eyebrow,GYAKORI KÉRDÉSEK,HÄUFIGE FRAGEN,translated_draft
tavfelugyelet-vonuloszolgalat:hu.serviceDetail.faqTitle,faq.title,Mit kérdeznek leggyakrabban,Was am häufigsten gefragt wird,translated_draft
tavfelugyelet-vonuloszolgalat:PILOT_HU.faq.0.q,faq.0.q,Mit jelent a távfelügyelet az Avenir szolgáltatásában?,Was bedeutet Fernüberwachung in der Leistung von Avenir?,translated_draft
tavfelugyelet-vonuloszolgalat:PILOT_HU.faq.0.a,faq.0.a,"Az Avenir a csatlakoztatott helyszínekről érkező riasztási, behatolásjelzési, kamerához kapcsolódó vagy más biztonságtechnikai jelzéseket fogadja, ellenőrzi, naplózza és az egyeztetett protokoll szerint eszkalálja.","Avenir nimmt die von den aufgeschalteten Standorten eingehenden Alarm-, Einbruch-, kamerabezogenen oder sonstigen sicherheitstechnischen Meldungen entgegen, prüft und protokolliert sie und eskaliert sie nach dem vereinbarten Protokoll.",translated_draft
tavfelugyelet-vonuloszolgalat:PILOT_HU.faq.1.q,faq.1.q,Mi a különbség a távfelügyelet és a vonulószolgálat között?,Was ist der Unterschied zwischen Fernüberwachung und Interventionsdienst?,translated_draft
tavfelugyelet-vonuloszolgalat:PILOT_HU.faq.1.a,faq.1.a,"A távfelügyelet a jelzések fogadására és kezelésére fókuszál, míg a vonulószolgálat szerződéses feltételek alapján helyszíni reagálási folyamatot biztosíthat. A két működés együtt ad teljesebb jelzéskezelési és reagálási rendszert.","Die Fernüberwachung konzentriert sich auf die Entgegennahme und Bearbeitung der Meldungen, während der Interventionsdienst auf vertraglicher Grundlage einen Reaktionsprozess vor Ort sicherstellen kann. Zusammen ergeben beide ein vollständigeres Meldungs- und Reaktionssystem.",translated_draft
tavfelugyelet-vonuloszolgalat:PILOT_HU.faq.2.q,faq.2.q,Milyen jelzések kezelhetők?,Welche Meldungen können bearbeitet werden?,translated_draft
tavfelugyelet-vonuloszolgalat:PILOT_HU.faq.2.a,faq.2.a,"A folyamat kapcsolódhat behatolásjelzőhöz, riasztási eseményhez, kamerarendszerhez, beléptetési eseményhez, peremvédelmi jelzéshez vagy más biztonságtechnikai jelzéshez. A pontos jelzéstípusokat a helyszíni adottságok és a szerződéses igények alapján kell rögzíteni.","Der Prozess kann an Einbruchmeldeanlagen, Alarmereignisse, Kamerasysteme, Zutrittsereignisse, Perimeterschutz-Meldungen oder andere sicherheitstechnische Meldungen anschließen. Die genauen Meldungstypen sind auf Grundlage der Standortgegebenheiten und der vertraglichen Anforderungen festzulegen.",translated_draft
tavfelugyelet-vonuloszolgalat:PILOT_HU.faq.3.q,faq.3.q,Hogyan történik a riasztás ellenőrzése az eszkaláció előtt?,Wie wird ein Alarm vor der Eskalation geprüft?,translated_draft
tavfelugyelet-vonuloszolgalat:PILOT_HU.faq.3.a,faq.3.a,A verifikációs lépés a helyszíni protokollban kerül meghatározásra. Az Avenir a rendelkezésre álló jelzésforrások és az egyeztetett ellenőrzési szabály alapján vizsgálja a riasztást az eszkaláció előtt. A téves jelzések naplózhatók és visszanézhetők; a valós események a dokumentált kapcsolattartási és reagálási protokoll szerint kerülnek eszkalálásra. Minden lépés eseménynaplóban rögzül.,Der Verifikationsschritt wird im Standortprotokoll festgelegt. Avenir prüft den Alarm vor der Eskalation anhand der verfügbaren Meldungsquellen und der vereinbarten Prüfregel. Fehlalarme können protokolliert und nachträglich ausgewertet werden; reale Ereignisse werden nach dem dokumentierten Kontakt- und Reaktionsprotokoll eskaliert. Jeder Schritt wird im Ereignisprotokoll festgehalten.,translated_draft
tavfelugyelet-vonuloszolgalat:PILOT_HU.faq.4.q,faq.4.q,Rendelkezik az Avenir a távfelügyelethez és vonulószolgálathoz szükséges engedélyekkel?,Verfügt Avenir über die für Fernüberwachung und Interventionsdienst erforderlichen Genehmigungen?,translated_draft
tavfelugyelet-vonuloszolgalat:PILOT_HU.faq.4.a,faq.4.a,Igen. A távfelügyelet és a vonulószolgálat az alkalmazandó magyar személy- és vagyonvédelmi szabályozási keret szerint történik. Az engedélyre és a szolgáltatási dokumentációra vonatkozó információk a szerződéses előkészítés során egyeztethetők.,Ja. Fernüberwachung und Interventionsdienst erfolgen nach dem anwendbaren ungarischen Regulierungsrahmen für Personen- und Vermögensschutz. Informationen zur Genehmigung und zur Leistungsdokumentation können im Rahmen der Vertragsvorbereitung abgestimmt werden.,legal_review_required
tavfelugyelet-vonuloszolgalat:PILOT_HU.faq.5.q,faq.5.q,Van garantált kiérkezési idő?,Gibt es eine garantierte Anfahrtszeit?,translated_draft
tavfelugyelet-vonuloszolgalat:PILOT_HU.faq.5.a,faq.5.a,"A vonulószolgálati folyamatot a szerződéses feltételek, a helyszín, a technikai adottságok és a szolgáltatási terület alapján kell meghatározni. Emiatt a kiérkezési vagy reagálási szabályokat mindig az együttműködés elején érdemes pontosan rögzíteni.","Der Interventionsprozess ist auf Grundlage der Vertragsbedingungen, des Standorts, der technischen Gegebenheiten und des Einsatzgebiets festzulegen. Deshalb sollten die Anfahrts- bzw. Reaktionsregeln immer zu Beginn der Zusammenarbeit genau festgehalten werden.",translated_draft
tavfelugyelet-vonuloszolgalat:PILOT_HU.faq.6.q,faq.6.q,Hogyan történik az eszkaláció?,Wie erfolgt die Eskalation?,translated_draft
tavfelugyelet-vonuloszolgalat:PILOT_HU.faq.6.a,faq.6.a,"Az eszkaláció a helyszíni protokollban rögzített név szerinti kapcsolattartási lánc, értesítési sorrend és reagálási mátrix szerint történik. A protokoll határozza meg, mikor kell kijelölt kapcsolattartót, vonulószolgálatot vagy külső eszkalációs útvonalat bevonni.","Die Eskalation erfolgt nach der im Standortprotokoll festgehaltenen namentlichen Kontaktkette, Benachrichtigungsreihenfolge und Reaktionsmatrix. Das Protokoll legt fest, wann ein benannter Ansprechpartner, der Interventionsdienst oder ein externer Eskalationsweg einzubeziehen ist.",translated_draft
tavfelugyelet-vonuloszolgalat:PILOT_HU.faq.7.q,faq.7.q,Kapunk eseményriportot?,Erhalten wir einen Ereignisbericht?,translated_draft
tavfelugyelet-vonuloszolgalat:PILOT_HU.faq.7.a,faq.7.a,"Igen. Az ügyfél az egyeztetett gyakoriság szerint eseményriportot kap; a riport formátuma, gyakorisága és tartalma az együttműködés elején rögzíthető.","Ja. Der Kunde erhält nach der vereinbarten Häufigkeit einen Ereignisbericht; Format, Häufigkeit und Inhalt des Berichts können zu Beginn der Zusammenarbeit festgelegt werden.",translated_draft
tavfelugyelet-vonuloszolgalat:PILOT_HU.faq.8.q,faq.8.q,Hogyan dokumentálhatók a riasztási jelzések és események?,Wie lassen sich Alarmmeldungen und Ereignisse dokumentieren?,translated_draft
tavfelugyelet-vonuloszolgalat:PILOT_HU.faq.8.a,faq.8.a,"A jelzések időbélyegzett eseménynaplóban rögzíthetők: mikor érkezett a jelzés, milyen ellenőrzési lépés történt, milyen értesítési lánc indult el, történt-e eszkaláció, milyen intézkedés következett, és mi lett a lezárási státusz. A részleteket a helyszíni és szerződéses szabályok alapján kell meghatározni.","Die Meldungen können in einem Ereignisprotokoll mit Zeitstempel erfasst werden: wann die Meldung einging, welcher Prüfschritt erfolgte, welche Benachrichtigungskette anlief, ob eskaliert wurde, welche Maßnahme folgte und welcher Abschlussstatus vergeben wurde. Die Einzelheiten sind nach den Standort- und Vertragsregeln festzulegen.",translated_draft
tavfelugyelet-vonuloszolgalat:PILOT_HU.faq.9.q,faq.9.q,Összekapcsolható a távfelügyelet a biztonságtechnikával?,Lässt sich die Fernüberwachung mit der Sicherheitstechnik verbinden?,translated_draft
tavfelugyelet-vonuloszolgalat:PILOT_HU.faq.9.a,faq.9.a,"Igen. A távfelügyelet akkor működik jól, ha a kamerarendszer, behatolásjelző, beléptetés, objektumőrzés és portaszolgálat folyamatai összehangoltan támogatják egymást.","Ja. Die Fernüberwachung funktioniert dann gut, wenn sich Kamerasystem, Einbruchmeldeanlage, Zutrittskontrolle, Objektschutz und Pförtnerdienst in ihren Prozessen abgestimmt unterstützen.",translated_draft
tavfelugyelet-vonuloszolgalat:PILOT_HU.faq.10.q,faq.10.q,Hogyan kezeljük az adatvédelmi szempontokat a távfelügyeleti működésben?,Wie werden Datenschutzaspekte im Fernüberwachungsbetrieb behandelt?,translated_draft
tavfelugyelet-vonuloszolgalat:PILOT_HU.faq.10.a,faq.10.a,"A távfelügyeletben használt jelzések, kameraképek és beléptetési események kizárólag az egyeztetett távfelügyeleti cél szerint és az ügyfél adatvédelmi keretei alapján kezelhetők. A megőrzés, a hozzáférésnaplózás és az adatminimalizálás szabályai helyszínenként kerülnek meghatározásra. Az Avenir a folyamat technikai és működési oldalát támogatja; a jogalap és a végső adatvédelmi döntések az ügyfél és tanácsadói körében maradnak.","Die in der Fernüberwachung genutzten Meldungen, Kamerabilder und Zutrittsereignisse dürfen ausschließlich zum vereinbarten Fernüberwachungszweck und im Datenschutzrahmen des Kunden verarbeitet werden. Die Regeln für Speicherung, Zugriffsprotokollierung und Datenminimierung werden je Standort festgelegt. Avenir unterstützt die technische und betriebliche Seite des Prozesses; die Rechtsgrundlage und die abschließenden Datenschutzentscheidungen verbleiben beim Kunden und seinen Beratern.",legal_review_required
tavfelugyelet-vonuloszolgalat:PILOT_HU.faq.11.q,faq.11.q,Mikor érdemes helyszíni biztonsági felmérést kérni?,Wann ist eine Sicherheitsbegehung vor Ort sinnvoll?,translated_draft
tavfelugyelet-vonuloszolgalat:PILOT_HU.faq.11.a,faq.11.a,"Helyszíni biztonsági felmérés akkor hasznos, ha új riasztási vagy távfelügyeleti működést kell kialakítani, visszatérő jelzések vannak, változik a beléptetési rend, vagy a meglévő reagálási és eszkalációs folyamatokat szeretnék átláthatóbbá tenni.","Eine Sicherheitsbegehung vor Ort ist sinnvoll, wenn ein neuer Alarm- oder Fernüberwachungsbetrieb aufzubauen ist, wiederkehrende Meldungen auftreten, sich die Zutrittsordnung ändert oder die bestehenden Reaktions- und Eskalationsprozesse transparenter gestaltet werden sollen.",translated_draft
tavfelugyelet-vonuloszolgalat:hu.serviceDetail.relatedEyebrow,related.eyebrow,MÉG AZ AVENIRTŐL,WEITERES VON AVENIR,translated_draft
tavfelugyelet-vonuloszolgalat:hu.serviceDetail.relatedTitle,related.title,Kapcsolódó szolgáltatások,Verwandte Leistungen,translated_draft
tavfelugyelet-vonuloszolgalat:related.0.biztonsagtechnika.nameHu,related.0.title,Biztonságtechnika,Sicherheitstechnik,translated_draft
tavfelugyelet-vonuloszolgalat:related.0.biztonsagtechnika.shortDescHu,related.0.description,"Biztonságtechnika kamerarendszerhez, beléptetéshez és riasztási folyamatokhoz, helyszínre szabott biztonsági modellbe illesztve, adatvédelmi szempontokat beépítő technikai tervezéssel.","Sicherheitstechnik für Kamerasysteme, Zutrittskontrolle und Alarmprozesse, eingebettet in ein standortgerechtes Sicherheitsmodell, mit technischer Planung, die Datenschutzaspekte einbezieht.",translated_draft
tavfelugyelet-vonuloszolgalat:related.1.objektumorzes.nameHu,related.1.title,Élőerős objektumőrzés,Objektschutz vor Ort,translated_draft
tavfelugyelet-vonuloszolgalat:related.1.objektumorzes.shortDescHu,related.1.description,"Élőerős objektumőrzés beléptetéssel, járőrözéssel, incidenskezeléssel, szolgálati naplóval és egyeztetett eszkalációs renddel.","Objektschutz vor Ort mit Zutrittskontrolle, Kontrollgängen, Vorfallbearbeitung, Dienstbuch und abgestimmter Eskalationsordnung.",translated_draft
tavfelugyelet-vonuloszolgalat:related.2.portaszolgalat.nameHu,related.2.title,Recepciós és portaszolgálat,Empfangs- und Pförtnerdienst,translated_draft
tavfelugyelet-vonuloszolgalat:related.2.portaszolgalat.shortDescHu,related.2.description,"Recepciós és portaszolgálat látogatók, beszállítók, munkatársak, kulcsok, csomagok, naplózás és egyeztetett eszkaláció kezelésére.","Empfangs- und Pförtnerdienst für Besucher, Lieferanten, Mitarbeiter, Schlüssel, Pakete, Protokollierung und abgestimmte Eskalation.",translated_draft
tavfelugyelet-vonuloszolgalat:related.3.hard-fm.nameHu,related.3.title,Hard FM,Hard FM,translated_draft
tavfelugyelet-vonuloszolgalat:related.3.hard-fm.shortDescHu,related.3.description,"Hard FM tervezett megelőző karbantartással, reaktív hibakezeléssel, szakcéges koordinációval, dokumentált hibanaplóval és működési riportálással.","Hard FM mit geplanter vorbeugender Instandhaltung, reaktiver Störungsbearbeitung, Koordination von Fachfirmen, dokumentiertem Störungsprotokoll und betrieblichem Berichtswesen.",translated_draft
tavfelugyelet-vonuloszolgalat:serviceDetail.hero.cta,cta.hero,Ajánlatkérés,Angebot anfordern,translated_draft
tavfelugyelet-vonuloszolgalat:SERVICE_QUOTE_COPY.hu.button,cta.embedded.collapsedButton,Ajánlatkérés,Angebot anfordern,translated_draft
soft-fm:seoTitleHu,meta.title,Soft FM szolgáltatások vállalati helyszínekre | Avenir,Soft FM – Infrastrukturelles Gebäudemanagement | Avenir,translated_draft
soft-fm:seoDescriptionHu,meta.description,"Soft FM szolgáltatások takarítási koordinációval, zöldterület-gondozással, higiéniai folyamatokkal, operatív támogatással és riportálással.","Soft-FM-Leistungen mit Reinigungskoordination, Grünpflege, Hygieneprozessen, operativer Unterstützung und Berichtswesen.",translated_draft
soft-fm:nameHu,hero.h1,Soft FM,Soft FM – Infrastrukturelles Gebäudemanagement,translated_draft
soft-fm:valuePropositionHu,hero.subhead,"A Soft FM a helyszín napi működését támogató szolgáltatásokat fogja össze: takarítás, kertészet, higiénia, hulladékkezelési támogatás és szolgáltatói koordináció, egyeztetett scope-on, meghatározott minőségi szempontok szerint, rendszeres riportálási ritmusban.","Soft FM bündelt die Leistungen, die den täglichen Betrieb des Standorts unterstützen: Reinigung, Grünpflege, Hygiene, Unterstützung bei der Abfallentsorgung und Dienstleisterkoordination — mit vereinbartem Leistungsumfang, definierten Qualitätskriterien und regelmäßigem Berichtsrhythmus.",translated_draft
soft-fm:PILOT_HU.longDesc.body.0,body.1,"Az Avenir Soft FM szolgáltatása a helyszín napi, nem műszaki működését támogató feladatokat fogja össze: takarítás, kertészeti és higiéniai folyamatok, hulladékkezelési támogatás, szolgáltatói koordináció és helyszíni működési támogatás. A szerződés indulásakor az Avenir az ügyféllel együtt rögzíti a szolgáltatási modellt: saját munkatársak, jóváhagyott alvállalkozók vagy meglévő ügyféloldali szolgáltatók Avenir-koordináció alatt, az egyeztetett helyszíni modell szerint.","Die Soft-FM-Leistung von Avenir bündelt die Aufgaben, die den täglichen, nicht technischen Betrieb des Standorts unterstützen: Reinigung, Grünpflege- und Hygieneprozesse, Unterstützung bei der Abfallentsorgung, Dienstleisterkoordination und operative Unterstützung vor Ort. Zum Vertragsbeginn legt Avenir gemeinsam mit dem Kunden das Leistungsmodell fest: eigene Mitarbeiter, freigegebene Nachunternehmer oder bestehende kundenseitige Dienstleister unter Koordination von Avenir, nach dem vereinbarten Standortmodell.",translated_draft
soft-fm:PILOT_HU.longDesc.body.1,body.2,"A Soft FM együttműködés írásos scope-pal indul: területek, feladatgyakoriságok, minőségi elvárások, riportálási ritmus és eszkalációs útvonalak. A cél nem nyitott, „ahogy szükséges” jellegű működés, hanem előre rögzített, ellenőrizhető és riportálható szolgáltatási keret.","Die Soft-FM-Zusammenarbeit startet mit einem schriftlichen Leistungsumfang: Flächen, Aufgabenfrequenzen, Qualitätsanforderungen, Berichtsrhythmus und Eskalationswege. Ziel ist kein offener Betrieb „nach Bedarf“, sondern ein vorab festgelegter, überprüfbarer und berichtsfähiger Leistungsrahmen.",translated_draft
soft-fm:PILOT_HU.longDesc.body.2,body.3,"Ha az ügyfél meglévő takarítási, kertészeti, higiéniai vagy egyéb szolgáltatókkal dolgozik, az Avenir átveheti a koordinációs réteget: a napi helyszíni egyeztetést, a minőségellenőrzést és a riportálást, hogy az ügyfél ne több széttagolt szerződésből, hanem egy összefogott működési képből dolgozzon.","Arbeitet der Kunde mit bestehenden Reinigungs-, Grünpflege-, Hygiene- oder sonstigen Dienstleistern, kann Avenir die Koordinationsebene übernehmen: die tägliche Abstimmung vor Ort, die Qualitätskontrolle und das Berichtswesen — damit der Kunde nicht mit mehreren getrennten Verträgen, sondern mit einem zusammengeführten Betriebsbild arbeitet.",translated_draft
soft-fm:hu.serviceDetail.useCasesEyebrow,useCases.eyebrow,KINEK AJÁNLJUK,EMPFOHLEN FÜR,translated_draft
soft-fm:hu.serviceDetail.useCasesTitle,useCases.title,Kinek jó,Für wen geeignet,translated_draft
soft-fm:PILOT_HU.useCases.0,useCases.0,"Irodaházak és üzleti központok, ahol a bérlők látható nappali szolgáltatási színvonalat várnak el","Bürogebäude und Businesscenter, in denen Mieter ein sichtbares Serviceniveau am Tag erwarten",translated_draft
soft-fm:PILOT_HU.useCases.1,useCases.1,"Ipari vagy logisztikai helyszínek, ahol a takarításnak, higiéniai folyamatoknak és hulladékkezelési támogatásnak a műszakrendhez kell igazodnia","Industrie- oder Logistikstandorte, an denen sich Reinigung, Hygieneprozesse und Abfallentsorgungs-Unterstützung am Schichtbetrieb ausrichten müssen",translated_draft
soft-fm:PILOT_HU.useCases.2,useCases.2,"Több helyszínes portfóliók, ahol egységes scope-ra, gyakoriságokra és riportálásra van szükség","Portfolios mit mehreren Standorten, die einen einheitlichen Leistungsumfang, einheitliche Frequenzen und ein einheitliches Berichtswesen benötigen",translated_draft
soft-fm:PILOT_HU.useCases.3,useCases.3,"Helyszínek, ahol több külön szolgáltató koordinációja ma az ügyfél feladata","Standorte, an denen die Koordination mehrerer separater Dienstleister heute Aufgabe des Kunden ist",translated_draft
soft-fm:PILOT_HU.useCases.4,useCases.4,"Működések, ahol a Soft FM, Hard FM, portaszolgálat és őrzés egy operatív felületen kapcsolódhat össze","Betriebe, in denen Soft FM, Hard FM, Pförtnerdienst und Objektschutz über eine operative Schnittstelle verbunden werden können",translated_draft
soft-fm:PILOT_HU.useCases.5,useCases.5,"Helyzetek, ahol a beszerzési, ESG- vagy auditcsapat írásos riportot vár az egyeztetett KPI-k és minőségi szempontok alapján","Situationen, in denen Einkaufs-, ESG- oder Auditteams schriftliche Berichte nach vereinbarten KPIs und Qualitätskriterien erwarten",translated_draft
soft-fm:hu.serviceDetail.includedEyebrow,included.eyebrow,TARTALOM,LEISTUNGSUMFANG,translated_draft
soft-fm:hu.serviceDetail.includedTitle,included.title,Mit tartalmaz,Was enthalten ist,translated_draft
soft-fm:PILOT_HU.includedItems.0,includedItems.0,Napi takarítási működés az egyeztetett területeken és feladatgyakoriságok szerint,Tägliche Unterhaltsreinigung in den vereinbarten Flächen und nach den vereinbarten Aufgabenfrequenzen,translated_draft
soft-fm:PILOT_HU.includedItems.1,includedItems.1,"Időszakos takarítási feladatok, például padló-, üveg- vagy szőnyegtisztítás, ha a scope tartalmazza","Periodische Reinigungsleistungen, etwa Boden-, Glas- oder Teppichreinigung, sofern im Leistungsumfang enthalten",translated_draft
soft-fm:PILOT_HU.includedItems.2,includedItems.2,"Kertészeti és külső területgondozási koordináció, ha a helyszíni modell része","Koordination von Grünpflege und Außenanlagenpflege, sofern Teil des Standortmodells",translated_draft
soft-fm:PILOT_HU.includedItems.3,includedItems.3,Higiéniai fogyóanyagok és mosdóhigiéniai szolgáltatások koordinációja,Koordination von Hygieneverbrauchsmaterialien und Waschraumhygiene-Leistungen,translated_draft
soft-fm:PILOT_HU.includedItems.4,includedItems.4,Hulladékkezelési támogatás és szolgáltatói kapcsolattartás az egyeztetett működési modell szerint,Unterstützung bei der Abfallentsorgung und Dienstleisterkontakt nach dem vereinbarten Betriebsmodell,translated_draft
soft-fm:PILOT_HU.includedItems.5,includedItems.5,Szolgáltatók és alvállalkozók koordinációja meglévő ügyféloldali beszállítók esetén,Koordination von Dienstleistern und Nachunternehmern bei bestehenden kundenseitigen Lieferanten,translated_draft
soft-fm:PILOT_HU.includedItems.6,includedItems.6,"Helyszíni eltérések, visszatérő problémák és korrekciós intézkedések követése","Verfolgung von Abweichungen vor Ort, wiederkehrenden Problemen und Korrekturmaßnahmen",translated_draft
soft-fm:PILOT_HU.includedItems.7,includedItems.7,"Írásos riport az elvégzett feladatokról, minőségi megfigyelésekről, visszatérő problémákról és teendőkről","Schriftlicher Bericht über erledigte Aufgaben, Qualitätsbeobachtungen, wiederkehrende Probleme und To-dos",translated_draft
soft-fm:hu.serviceDetail.processEyebrow,process.eyebrow,FOLYAMAT,ABLAUF,translated_draft
soft-fm:hu.serviceDetail.processTitle,process.title,Hogyan indul az együttműködés,So startet die Zusammenarbeit,translated_draft
soft-fm:PILOT_HU.processSteps.0.title,processSteps.0.title,Helyszíni bejárás és scope-felmérés,Begehung vor Ort und Aufnahme des Leistungsumfangs,translated_draft
soft-fm:PILOT_HU.processSteps.0.body,processSteps.0.body,"Az Avenir a scope véglegesítése előtt áttekinti az érintett területeket, szolgáltatási pontokat, működési időablakokat és a meglévő szolgáltatói modellt.","Vor der Festlegung des Leistungsumfangs prüft Avenir die betroffenen Flächen, Servicepunkte, Betriebszeitfenster und das bestehende Dienstleistermodell.",translated_draft
soft-fm:PILOT_HU.processSteps.1.title,processSteps.1.title,"Írásos scope, gyakoriságok és minőségi szempontok","Schriftlicher Leistungsumfang, Frequenzen und Qualitätskriterien",translated_draft
soft-fm:PILOT_HU.processSteps.1.body,processSteps.1.body,"A szolgáltatási területeket, feladatgyakoriságokat, ellenőrzési pontokat, minőségi elvárásokat és riportálási ritmust az operatív indulás előtt rögzítjük.","Serviceflächen, Aufgabenfrequenzen, Kontrollpunkte, Qualitätsanforderungen und Berichtsrhythmus werden vor dem operativen Start festgehalten.",translated_draft
soft-fm:PILOT_HU.processSteps.2.title,processSteps.2.title,Szolgáltatási modell és csapatstruktúra rögzítése,Festlegung von Leistungsmodell und Teamstruktur,translated_draft
soft-fm:PILOT_HU.processSteps.2.body,processSteps.2.body,"A scope egyeztetésekor az Avenir az ügyféllel együtt rögzíti a teljesítési modellt: saját munkatársak, jóváhagyott alvállalkozók vagy meglévő ügyféloldali szolgáltatók Avenir-koordináció alatt, a helyszíni modell szerint.","Bei der Abstimmung des Leistungsumfangs legt Avenir gemeinsam mit dem Kunden das Erfüllungsmodell fest: eigene Mitarbeiter, freigegebene Nachunternehmer oder bestehende kundenseitige Dienstleister unter Koordination von Avenir, nach dem Standortmodell.",translated_draft
soft-fm:PILOT_HU.processSteps.3.title,processSteps.3.title,Mobilizáció és működési beállítás,Mobilisierung und betriebliche Einrichtung,translated_draft
soft-fm:PILOT_HU.processSteps.3.body,processSteps.3.body,"Az indulás előtt az Avenir előkészíti a működési keretet: felelősségek, kapcsolattartási pontok, eszkalációs útvonalak, helyszíni utasítások és a napi kontrollhoz szükséges nyilvántartások.","Vor dem Start bereitet Avenir den Betriebsrahmen vor: Verantwortlichkeiten, Kontaktpunkte, Eskalationswege, Standortanweisungen und die für die tägliche Kontrolle erforderlichen Aufzeichnungen.",translated_draft
soft-fm:PILOT_HU.processSteps.4.title,processSteps.4.title,Indítás és stabilizációs időszak,Start und Stabilisierungsphase,translated_draft
soft-fm:PILOT_HU.processSteps.4.body,processSteps.4.body,"Az első működési időszakban az Avenir követi a kezdeti eltéréseket, pontosítja a felelősségeket és stabilizálja a működési ritmust az egyeztetett scope-on belül.","In der ersten Betriebsphase verfolgt Avenir die anfänglichen Abweichungen, präzisiert die Verantwortlichkeiten und stabilisiert den Betriebsrhythmus innerhalb des vereinbarten Leistungsumfangs.",translated_draft
soft-fm:PILOT_HU.processSteps.5.title,processSteps.5.title,Rendszeres riportálás és ügyféloldali áttekintés,Regelmäßiges Berichtswesen und Überprüfung mit dem Kunden,translated_draft
soft-fm:PILOT_HU.processSteps.5.body,processSteps.5.body,"Az Avenir riportálja az elvégzett feladatokat, minőségi megfigyeléseket, visszatérő problémákat és egyeztetett intézkedéseket, majd rendszeresen áttekinti a szolgáltatást az ügyféllel.","Avenir berichtet über erledigte Aufgaben, Qualitätsbeobachtungen, wiederkehrende Probleme und vereinbarte Maßnahmen und bespricht die Leistung regelmäßig mit dem Kunden.",translated_draft
soft-fm:hu.serviceDetail.trustEyebrow,trust.eyebrow,MIÉRT BÍZHAT BENNÜNK,WARUM SIE UNS VERTRAUEN KÖNNEN,translated_draft
soft-fm:hu.serviceDetail.trustTitle,trust.title,Bizalmi elemek,Vertrauenselemente,translated_draft
soft-fm:PILOT_HU.trustItems.0.title,trustItems.0.title,"Írásos scope, nem nyitott „ahogy szükséges” működés",Schriftlicher Leistungsumfang statt offenem Betrieb „nach Bedarf“,translated_draft
soft-fm:PILOT_HU.trustItems.0.body,trustItems.0.body,"Az Avenir a területeket, gyakoriságokat, minőségi szempontokat és riportálási ritmust a szerződés indulásakor rögzíti, így a megbízás kerete az operatív működés előtt egyértelmű.","Avenir legt Flächen, Frequenzen, Qualitätskriterien und Berichtsrhythmus zum Vertragsbeginn fest, sodass der Rahmen des Auftrags vor dem operativen Betrieb eindeutig ist.",translated_draft
soft-fm:PILOT_HU.trustItems.1.title,trustItems.1.title,Minőségellenőrzés meghatározott szempontok alapján,Qualitätskontrolle nach definierten Kriterien,translated_draft
soft-fm:PILOT_HU.trustItems.1.body,trustItems.1.body,"Az Avenir a takarítási, higiéniai, kertészeti és operatív támogatási feladatokat egyeztetett ellenőrzési pontok alapján követi, nem általános elvárások szerint.","Avenir verfolgt Reinigungs-, Hygiene-, Grünpflege- und operative Unterstützungsaufgaben anhand vereinbarter Kontrollpunkte — nicht nach allgemeinen Erwartungen.",translated_draft
soft-fm:PILOT_HU.trustItems.2.title,trustItems.2.title,Egy operatív felület több szolgáltató között,Eine operative Schnittstelle über mehrere Dienstleister hinweg,translated_draft
soft-fm:PILOT_HU.trustItems.2.body,trustItems.2.body,"Az ügyfél egy összehangolt működési képet kap az Avenir munkatársai, jóváhagyott alvállalkozók és meglévő ügyféloldali szolgáltatók között, a helyszíni modell szerint.","Der Kunde erhält ein abgestimmtes Betriebsbild über die Mitarbeiter von Avenir, freigegebene Nachunternehmer und bestehende kundenseitige Dienstleister hinweg, nach dem Standortmodell.",translated_draft
soft-fm:PILOT_HU.trustItems.3.title,trustItems.3.title,Szolgáltatói és alvállalkozói koordináció,Koordination von Dienstleistern und Nachunternehmern,translated_draft
soft-fm:PILOT_HU.trustItems.3.body,trustItems.3.body,"Az Avenir dokumentálja a felelősségeket, kapcsolattartási pontokat és eszkalációs útvonalakat, hogy a napi szolgáltatókezelés kontrollált legyen, ne széttagolt.","Avenir dokumentiert Verantwortlichkeiten, Kontaktpunkte und Eskalationswege, damit die tägliche Dienstleistersteuerung kontrolliert und nicht fragmentiert abläuft.",translated_draft
soft-fm:PILOT_HU.trustItems.4.title,trustItems.4.title,Korrekciós intézkedések követése,Verfolgung von Korrekturmaßnahmen,translated_draft
soft-fm:PILOT_HU.trustItems.4.body,trustItems.4.body,"Az Avenir követi a helyszíni eltéréseket, visszatérő problémákat és korrekciós intézkedéseket, hogy azok áttekinthetők és utánkövethetők legyenek.","Avenir verfolgt Abweichungen vor Ort, wiederkehrende Probleme und Korrekturmaßnahmen, damit diese überschaubar und nachverfolgbar bleiben.",translated_draft
soft-fm:PILOT_HU.trustItems.5.title,trustItems.5.title,Írásos riportálás,Schriftliches Berichtswesen,translated_draft
soft-fm:PILOT_HU.trustItems.5.body,trustItems.5.body,"Az Avenir az egyeztetett riportálási ritmus szerint beszámol az elvégzett scope-ról, minőségi megfigyelésekről, visszatérő problémákról és egyeztetett intézkedésekről.","Avenir berichtet nach dem vereinbarten Berichtsrhythmus über den erledigten Leistungsumfang, Qualitätsbeobachtungen, wiederkehrende Probleme und vereinbarte Maßnahmen.",translated_draft
soft-fm:PILOT_HU.trustItems.6.title,trustItems.6.title,"Kapcsolódás Hard FM-hez, portaszolgálathoz és őrzéshez","Anbindung an Hard FM, Pförtnerdienst und Objektschutz",translated_draft
soft-fm:PILOT_HU.trustItems.6.body,trustItems.6.body,"Ha ezek a szolgáltatások ugyanazon a helyszínen működnek, az Avenir összehangolja a Soft FM riportálását és eltéréskezelését a portaszolgálati, őrzési és Hard FM folyamatokkal.","Werden diese Leistungen am selben Standort erbracht, stimmt Avenir das Soft-FM-Berichtswesen und die Abweichungsbearbeitung mit den Pförtner-, Objektschutz- und Hard-FM-Prozessen ab.",translated_draft
soft-fm:PILOT_HU.trustItems.7.title,trustItems.7.title,Helyszínspecifikus működési modell,Standortspezifisches Betriebsmodell,translated_draft
soft-fm:PILOT_HU.trustItems.7.body,trustItems.7.body,"A létszám, szolgáltatói bevonás, gyakoriságok és riportálás a helyszíni modellhez és az egyeztetett szerződéses scope-hoz igazodik.","Personalstärke, Dienstleistereinbindung, Frequenzen und Berichtswesen richten sich nach dem Standortmodell und dem vereinbarten vertraglichen Leistungsumfang.",translated_draft
soft-fm:hu.serviceDetail.faqEyebrow,faq.eyebrow,GYAKORI KÉRDÉSEK,HÄUFIGE FRAGEN,translated_draft
soft-fm:hu.serviceDetail.faqTitle,faq.title,Mit kérdeznek leggyakrabban,Was am häufigsten gefragt wird,translated_draft
soft-fm:PILOT_HU.faq.0.q,faq.0.q,Mit jelent a Soft FM?,Was bedeutet Soft FM?,translated_draft
soft-fm:PILOT_HU.faq.0.a,faq.0.a,"A Soft FM a helyszínek napi működését támogató, nem műszaki facility szolgáltatások összehangolt kezelését jelenti. Az Avenirnél ez takarítást, kertészeti folyamatokat, higiéniai és hulladékkezelési támogatást, operatív koordinációt és szolgáltatókezelést fed le az egyeztetett scope-on belül.","Soft FM bezeichnet die koordinierte Erbringung der nicht technischen Facility-Leistungen, die den täglichen Betrieb der Standorte unterstützen. Bei Avenir umfasst das Reinigung, Grünpflegeprozesse, Hygiene- und Abfallentsorgungs-Unterstützung, operative Koordination und Dienstleistersteuerung innerhalb des vereinbarten Leistungsumfangs.",translated_draft
soft-fm:PILOT_HU.faq.1.q,faq.1.q,Miben különbözik a Soft FM a Hard FM-től?,Worin unterscheidet sich Soft FM von Hard FM?,translated_draft
soft-fm:PILOT_HU.faq.1.a,faq.1.a,"A Hard FM elsősorban műszaki, karbantartási és épületüzemeltetési folyamatokra fókuszál. A Soft FM a napi támogató szolgáltatásokat fogja össze: takarítás, kertészet, higiéniai folyamatok és helyszíni operatív koordináció. Sok helyszínen a két terület akkor működik jól, ha a riportálási és eszkalációs útvonalak összehangoltak.","Hard FM konzentriert sich vor allem auf technische, Instandhaltungs- und Gebäudebetriebsprozesse. Soft FM bündelt die täglichen unterstützenden Leistungen: Reinigung, Grünpflege, Hygieneprozesse und operative Koordination vor Ort. An vielen Standorten funktionieren beide Bereiche dann gut, wenn Berichts- und Eskalationswege aufeinander abgestimmt sind.",translated_draft
soft-fm:PILOT_HU.faq.2.q,faq.2.q,Csak takarításról szól a Soft FM?,Geht es bei Soft FM nur um Reinigung?,translated_draft
soft-fm:PILOT_HU.faq.2.a,faq.2.a,"Nem. A takarítás gyakran a Soft FM egyik központi eleme, de a szolgáltatás ennél szélesebb. Az Avenir a takarításhoz, szolgáltatókezeléshez, kertészeti folyamatokhoz, higiéniai működéshez, minőségellenőrzéshez, riportáláshoz és helyszíni támogatáshoz kapcsolódó működési réteget kezeli.","Nein. Die Reinigung ist oft ein zentrales Element des Soft FM, doch die Leistung ist breiter. Avenir steuert die Betriebsebene rund um Reinigung, Dienstleistersteuerung, Grünpflegeprozesse, Hygienebetrieb, Qualitätskontrolle, Berichtswesen und Unterstützung vor Ort.",translated_draft
soft-fm:PILOT_HU.faq.3.q,faq.3.q,Koordinálhat az Avenir több szolgáltatót vagy alvállalkozót?,Kann Avenir mehrere Dienstleister oder Nachunternehmer koordinieren?,translated_draft
soft-fm:PILOT_HU.faq.3.a,faq.3.a,"Igen. Az egyeztetett Soft FM modellben az Avenir a szerződés indulásától koordinálja a szolgáltatói felelősségeket, kapcsolattartási pontokat, eszkalációs útvonalakat és riportálási elvárásokat.","Ja. Im vereinbarten Soft-FM-Modell koordiniert Avenir ab Vertragsbeginn die Dienstleisterverantwortlichkeiten, Kontaktpunkte, Eskalationswege und Berichtsanforderungen.",translated_draft
soft-fm:PILOT_HU.faq.4.q,faq.4.q,Van garantált takarítási minőség?,Gibt es eine garantierte Reinigungsqualität?,translated_draft
soft-fm:PILOT_HU.faq.4.a,faq.4.a,"Az általános takarítási minőségre vonatkozó garancia nem helyettesítheti a meghatározott scope-ot. Az Avenir a minőséget egyeztetett feladatokkal, meghatározott szempontokkal, szolgáltatási ellenőrzésekkel, riportálással és korrekciós intézkedésekkel kezeli, így az elvárások konkrétak és áttekinthetők.","Eine allgemeine Garantie für Reinigungsqualität kann den definierten Leistungsumfang nicht ersetzen. Avenir steuert die Qualität über vereinbarte Aufgaben, definierte Kriterien, Leistungskontrollen, Berichtswesen und Korrekturmaßnahmen — so bleiben die Erwartungen konkret und überschaubar.",translated_draft
soft-fm:PILOT_HU.faq.5.q,faq.5.q,Hogyan ellenőrizhető a Soft FM szolgáltatások minősége?,Wie lässt sich die Qualität der Soft-FM-Leistungen kontrollieren?,translated_draft
soft-fm:PILOT_HU.faq.5.a,faq.5.a,"Az Avenir a minőséget egyeztetett ellenőrzési pontokon, szolgáltatási ellenőrzéseken, visszatérő problémák követésén, visszajelzési körökön és rendszeres írásos riportáláson keresztül követi, helyszínspecifikus elvárások alapján.","Avenir verfolgt die Qualität über vereinbarte Kontrollpunkte, Leistungskontrollen, die Nachverfolgung wiederkehrender Probleme, Feedbackrunden und regelmäßiges schriftliches Berichtswesen — auf Grundlage standortspezifischer Anforderungen.",translated_draft
soft-fm:PILOT_HU.faq.6.q,faq.6.q,Kapunk írásos riportot a Soft FM feladatokról?,Erhalten wir einen schriftlichen Bericht über die Soft-FM-Aufgaben?,translated_draft
soft-fm:PILOT_HU.faq.6.a,faq.6.a,"Igen. A strukturált Soft FM együttműködések része a rendszeres írásos riportálás, amely lefedi az elvégzett scope-ot, minőségi megfigyeléseket, visszatérő problémákat és egyeztetett intézkedéseket.","Ja. Zu strukturierten Soft-FM-Kooperationen gehört ein regelmäßiges schriftliches Berichtswesen, das den erledigten Leistungsumfang, Qualitätsbeobachtungen, wiederkehrende Probleme und vereinbarte Maßnahmen abdeckt.",translated_draft
soft-fm:PILOT_HU.faq.7.q,faq.7.q,Kapcsolódhat a Soft FM portaszolgálati vagy biztonsági működéshez?,Kann Soft FM an Pförtner- oder Sicherheitsprozesse angebunden werden?,translated_draft
soft-fm:PILOT_HU.faq.7.a,faq.7.a,"Igen. Sok helyszínen a porta, recepció, objektumőrzés vagy Hard FM csapat jelzi először az operatív problémákat. A Soft FM akkor működik jobban, ha a jelzések, felelősségek, szolgáltatók és riportálási folyamatok egy működési modellben kapcsolódnak össze.","Ja. An vielen Standorten melden Pforte, Empfang, Objektschutz oder das Hard-FM-Team operative Probleme zuerst. Soft FM funktioniert besser, wenn Meldungen, Verantwortlichkeiten, Dienstleister und Berichtsprozesse in einem Betriebsmodell verbunden sind.",translated_draft
soft-fm:hu.serviceDetail.relatedEyebrow,related.eyebrow,MÉG AZ AVENIRTŐL,WEITERES VON AVENIR,translated_draft
soft-fm:hu.serviceDetail.relatedTitle,related.title,Kapcsolódó szolgáltatások,Verwandte Leistungen,translated_draft
soft-fm:related.0.hard-fm.nameHu,related.0.title,Hard FM,Hard FM,translated_draft
soft-fm:related.0.hard-fm.shortDescHu,related.0.description,"Hard FM tervezett megelőző karbantartással, reaktív hibakezeléssel, szakcéges koordinációval, dokumentált hibanaplóval és működési riportálással.","Hard FM mit geplanter vorbeugender Instandhaltung, reaktiver Störungsbearbeitung, Koordination von Fachfirmen, dokumentiertem Störungsprotokoll und betrieblichem Berichtswesen.",translated_draft
soft-fm:related.1.portaszolgalat.nameHu,related.1.title,Recepciós és portaszolgálat,Empfangs- und Pförtnerdienst,translated_draft
soft-fm:related.1.portaszolgalat.shortDescHu,related.1.description,"Recepciós és portaszolgálat látogatók, beszállítók, munkatársak, kulcsok, csomagok, naplózás és egyeztetett eszkaláció kezelésére.","Empfangs- und Pförtnerdienst für Besucher, Lieferanten, Mitarbeiter, Schlüssel, Pakete, Protokollierung und abgestimmte Eskalation.",translated_draft
soft-fm:related.2.mystery-shopping-helyszini-audit.nameHu,related.2.title,Próbavásárlás és szolgáltatásaudit,Mystery Shopping und Serviceaudit,translated_draft
soft-fm:related.2.mystery-shopping-helyszini-audit.shortDescHu,related.2.description,"Próbavásárlás és szolgáltatásaudit valós ügyfél- és működési helyzetekben, strukturált megfigyeléssel, riportálással és fejlesztési javaslatokkal.","Mystery Shopping und Serviceaudit in realen Kunden- und Betriebssituationen, mit strukturierter Beobachtung, Berichtswesen und Verbesserungsempfehlungen.",translated_draft
soft-fm:related.3.objektumorzes.nameHu,related.3.title,Élőerős objektumőrzés,Objektschutz vor Ort,translated_draft
soft-fm:related.3.objektumorzes.shortDescHu,related.3.description,"Élőerős objektumőrzés beléptetéssel, járőrözéssel, incidenskezeléssel, szolgálati naplóval és egyeztetett eszkalációs renddel.","Objektschutz vor Ort mit Zutrittskontrolle, Kontrollgängen, Vorfallbearbeitung, Dienstbuch und abgestimmter Eskalationsordnung.",translated_draft
soft-fm:related.4.rendezvenybiztositas.nameHu,related.4.title,Rendezvénybiztosítás,Veranstaltungssicherheit,translated_draft
soft-fm:related.4.rendezvenybiztositas.shortDescHu,related.4.description,"Rendezvénybiztosítás vállalati, zártkörű és nyilvános eseményekre, beléptetéssel, közönségáramlás-támogatással, zónakezeléssel, incidensrögzítéssel és szervezői eszkalációval.","Veranstaltungssicherheit für Firmen-, geschlossene und öffentliche Veranstaltungen, mit Zutrittskontrolle, Unterstützung der Besucherströme, Zonenmanagement, Vorfallerfassung und Eskalation an die Veranstaltungsleitung.",translated_draft
soft-fm:serviceDetail.hero.cta,cta.hero,Ajánlatkérés,Angebot anfordern,translated_draft
soft-fm:SERVICE_QUOTE_COPY.hu.button,cta.embedded.collapsedButton,Ajánlatkérés,Angebot anfordern,translated_draft
hard-fm:seoTitleHu,meta.title,Hard FM és műszaki üzemeltetés | Avenir,Hard FM – Technisches Gebäudemanagement | Avenir,translated_draft
hard-fm:seoDescriptionHu,meta.description,"Tervezett megelőző karbantartás, reaktív hibakezelés, szakcéges koordináció és dokumentált riportálás műszaki helyszíni működéshez.","Geplante vorbeugende Instandhaltung, reaktive Störungsbearbeitung, Koordination von Fachfirmen und dokumentiertes Berichtswesen für den technischen Standortbetrieb.",translated_draft
hard-fm:nameHu,hero.h1,Hard FM,Hard FM – Technisches Gebäudemanagement,translated_draft
hard-fm:valuePropositionHu,hero.subhead,"A Hard FM a tervezett megelőző karbantartást és a reaktív hibakezelést fogja össze az épületüzemeltetés, gépészeti és elektromos rendszerek, vízvezeték, HVAC és műszaki működés területén, dokumentált eszkalációval és riportálással.","Hard FM bündelt die geplante vorbeugende Instandhaltung und die reaktive Störungsbearbeitung für Gebäudebetrieb, gebäudetechnische und elektrische Anlagen, Sanitär, HLK und den technischen Betrieb — mit dokumentierter Eskalation und Berichtswesen.",translated_draft
hard-fm:PILOT_HU.longDesc.body.0,body.1,"Az Avenir Hard FM szolgáltatása a vállalati, ipari és logisztikai helyszínek műszaki rendszereinek tervezett megelőző karbantartását és reaktív hibakezelését fogja össze. A scope kiterjedhet az épületállagra, gépészeti és elektromos rendszerekre, vízvezeték- és HVAC-folyamatokra, kisebb műszaki munkákra, szakcéges koordinációra és dokumentált hibakövetésre.","Die Hard-FM-Leistung von Avenir bündelt die geplante vorbeugende Instandhaltung und die reaktive Störungsbearbeitung der technischen Anlagen von Unternehmens-, Industrie- und Logistikstandorten. Der Leistungsumfang kann die Gebäudesubstanz, gebäudetechnische und elektrische Anlagen, Sanitär- und HLK-Prozesse, kleinere technische Arbeiten, die Koordination von Fachfirmen und die dokumentierte Störungsverfolgung umfassen.",translated_draft
hard-fm:PILOT_HU.longDesc.body.1,body.2,"Az Avenir a mobilizáció során az ügyféllel együtt rögzíti a hibabejelentési útvonalat, az eszkalációs pontokat, a szolgáltatói felelősségeket, a beavatkozási naplózást és a riportálási ritmust. Ha HVAC-, elektromos, vízvezeték- vagy kötelező felülvizsgálati munkákhoz szakcég szükséges, azok kezelése az egyeztetett működési modell részeként történik, nem rejtett átadásként az ügyfél felé.","Während der Mobilisierung legt Avenir gemeinsam mit dem Kunden den Störungsmeldeweg, die Eskalationspunkte, die Dienstleisterverantwortlichkeiten, die Maßnahmendokumentation und den Berichtsrhythmus fest. Sind für HLK-, Elektro-, Sanitär- oder Pflichtprüfungsarbeiten Fachfirmen erforderlich, erfolgt deren Steuerung als Teil des vereinbarten Betriebsmodells — nicht als verdeckte Rückübertragung an den Kunden.",translated_draft
hard-fm:PILOT_HU.longDesc.body.2,body.3,"A Hard FM működhet önálló műszaki üzemeltetési szolgáltatásként, vagy az Avenir portaszolgálatával, élőerős őrzésével vagy Soft FM szolgáltatásával együtt ugyanazon a helyszínen. Integrált működésben a riportálási ritmus, az eszkalációs lánc és az operatív kapcsolattartási pontok összehangoltak, így az ügyfél nem széttagolt szolgáltatói visszajelzéseket, hanem egységes műszaki képet kap.","Hard FM kann als eigenständige technische Betriebsleistung funktionieren oder gemeinsam mit dem Pförtnerdienst, dem Objektschutz oder der Soft-FM-Leistung von Avenir am selben Standort. Im integrierten Betrieb sind Berichtsrhythmus, Eskalationskette und operative Kontaktpunkte aufeinander abgestimmt — der Kunde erhält kein fragmentiertes Dienstleisterfeedback, sondern ein einheitliches technisches Bild.",translated_draft
hard-fm:hu.serviceDetail.useCasesEyebrow,useCases.eyebrow,KINEK AJÁNLJUK,EMPFOHLEN FÜR,translated_draft
hard-fm:hu.serviceDetail.useCasesTitle,useCases.title,Kinek jó,Für wen geeignet,translated_draft
hard-fm:PILOT_HU.useCases.0,useCases.0,Irodaházak és üzleti központok tulajdonosai és üzemeltetői,Eigentümer und Betreiber von Bürogebäuden und Businesscentern,translated_draft
hard-fm:PILOT_HU.useCases.1,useCases.1,"Logisztikai, raktári és könnyűipari helyszínek összetett műszaki rendszerekkel","Logistik-, Lager- und Leichtindustriestandorte mit komplexen technischen Anlagen",translated_draft
hard-fm:PILOT_HU.useCases.2,useCases.2,"Egyhelyszínes üzemeltetők, akik egységes műszaki működési modellt keresnek","Betreiber einzelner Standorte, die ein einheitliches technisches Betriebsmodell suchen",translated_draft
hard-fm:PILOT_HU.useCases.3,useCases.3,"Több helyszínes portfóliók, ahol a széttagolt FM-szolgáltatói koordinációt kell összevonni","Portfolios mit mehreren Standorten, bei denen eine fragmentierte FM-Dienstleisterkoordination zusammenzuführen ist",translated_draft
hard-fm:PILOT_HU.useCases.4,useCases.4,"Helyszínek, ahol a Hard FM-nek a portaszolgálattal, őrzéssel vagy Soft FM-mel együtt kell működnie","Standorte, an denen Hard FM mit Pförtnerdienst, Objektschutz oder Soft FM zusammenarbeiten muss",translated_draft
hard-fm:hu.serviceDetail.includedEyebrow,included.eyebrow,TARTALOM,LEISTUNGSUMFANG,translated_draft
hard-fm:hu.serviceDetail.includedTitle,included.title,Mit tartalmaz,Was enthalten ist,translated_draft
hard-fm:PILOT_HU.includedItems.0,includedItems.0,Tervezett megelőző karbantartási ütemezés az egyeztetett eszközökre és rendszerekre,Geplante vorbeugende Instandhaltung mit Terminplan für die vereinbarten Anlagen und Systeme,translated_draft
hard-fm:PILOT_HU.includedItems.1,includedItems.1,Reaktív hibakezelés egyeztetett prioritási kategóriákkal,Reaktive Störungsbearbeitung mit vereinbarten Prioritätskategorien,translated_draft
hard-fm:PILOT_HU.includedItems.2,includedItems.2,"Dokumentált hibanapló, beavatkozási nyilvántartás és lezárási státusz","Dokumentiertes Störungsprotokoll, Maßnahmendokumentation und Abschlussstatus",translated_draft
hard-fm:PILOT_HU.includedItems.3,includedItems.3,"Szakcéges koordináció HVAC-, elektromos, vízvezeték- és felülvizsgálati feladatokhoz","Koordination von Fachfirmen für HLK-, Elektro-, Sanitär- und Prüfaufgaben",translated_draft
hard-fm:PILOT_HU.includedItems.4,includedItems.4,"Kötelező felülvizsgálatok koordinációja és dokumentációs támogatása, ha a scope tartalmazza","Koordination und Dokumentationsunterstützung der Pflichtprüfungen, sofern im Leistungsumfang enthalten",translated_draft
hard-fm:PILOT_HU.includedItems.5,includedItems.5,"Havi működési riport nyitott feladatokról, lezárt beavatkozásokról, visszatérő hibákról és fejlesztési pontokról","Monatlicher Betriebsbericht über offene Aufgaben, abgeschlossene Maßnahmen, wiederkehrende Störungen und Verbesserungspunkte",translated_draft
hard-fm:hu.serviceDetail.processEyebrow,process.eyebrow,FOLYAMAT,ABLAUF,translated_draft
hard-fm:hu.serviceDetail.processTitle,process.title,Hogyan indul az együttműködés,So startet die Zusammenarbeit,translated_draft
hard-fm:PILOT_HU.processSteps.0.title,processSteps.0.title,Eszköz- és állapotfelmérés,Anlagen- und Zustandsaufnahme,translated_draft
hard-fm:PILOT_HU.processSteps.0.body,processSteps.0.body,"Áttekintjük az egyeztetett eszközöket, rendszereket, műszaki állapotot, visszatérő hibákat és az érintett szolgáltatói kört.","Wir prüfen die vereinbarten Anlagen und Systeme, den technischen Zustand, wiederkehrende Störungen und den betroffenen Dienstleisterkreis.",translated_draft
hard-fm:PILOT_HU.processSteps.1.title,processSteps.1.title,PPM-ütemezés és prioritási kategóriák,PPM-Terminplan und Prioritätskategorien,translated_draft
hard-fm:PILOT_HU.processSteps.1.body,processSteps.1.body,"Az ügyféllel együtt meghatározzuk a megelőző karbantartási ütemezést, a hibabejelentési útvonalat és a reaktív feladatok prioritási kategóriáit.","Gemeinsam mit dem Kunden legen wir den Terminplan der vorbeugenden Instandhaltung, den Störungsmeldeweg und die Prioritätskategorien der reaktiven Aufgaben fest.",translated_draft
hard-fm:PILOT_HU.processSteps.2.title,processSteps.2.title,Mobilizáció és működési beállítás,Mobilisierung und betriebliche Einrichtung,translated_draft
hard-fm:PILOT_HU.processSteps.2.body,processSteps.2.body,"Rögzítjük a szolgáltatói felelősségeket, a szakcéges bevonás szabályait, az eszkalációs pontokat és az operatív kapcsolattartást.","Wir halten die Dienstleisterverantwortlichkeiten, die Regeln für die Einbindung von Fachfirmen, die Eskalationspunkte und die operativen Kontakte fest.",translated_draft
hard-fm:PILOT_HU.processSteps.3.title,processSteps.3.title,"Működtetés, naplózás és riportálás","Betrieb, Protokollierung und Berichtswesen",translated_draft
hard-fm:PILOT_HU.processSteps.3.body,processSteps.3.body,"A hibabejelentések, beavatkozások, státuszváltozások, lezárások és nyitott feladatok dokumentált hibanaplóban és havi riportban követhetők.","Störungsmeldungen, Maßnahmen, Statusänderungen, Abschlüsse und offene Aufgaben sind im dokumentierten Störungsprotokoll und im Monatsbericht nachvollziehbar.",translated_draft
hard-fm:PILOT_HU.processSteps.4.title,processSteps.4.title,Visszatérő hibák és fejlesztési pontok áttekintése,Überprüfung wiederkehrender Störungen und Verbesserungspunkte,translated_draft
hard-fm:PILOT_HU.processSteps.4.body,processSteps.4.body,"A riportok és tapasztalatok alapján áttekintjük a visszatérő hibákat, a nyitott kockázatokat és a következő fejlesztési pontokat.","Auf Grundlage der Berichte und Erfahrungen prüfen wir wiederkehrende Störungen, offene Risiken und die nächsten Verbesserungspunkte.",translated_draft
hard-fm:hu.serviceDetail.trustEyebrow,trust.eyebrow,MIÉRT BÍZHAT BENNÜNK,WARUM SIE UNS VERTRAUEN KÖNNEN,translated_draft
hard-fm:hu.serviceDetail.trustTitle,trust.title,Bizalmi elemek,Vertrauenselemente,translated_draft
hard-fm:PILOT_HU.trustItems.0.title,trustItems.0.title,Név szerinti operatív kapcsolattartó,Namentlich benannter operativer Ansprechpartner,translated_draft
hard-fm:PILOT_HU.trustItems.0.body,trustItems.0.body,"Az ügyfél név szerinti operatív kapcsolattartót kap a hibabejelentéshez, az eszkalációhoz, a szolgáltatói koordinációhoz és a riportáláshoz.","Der Kunde erhält einen namentlich benannten operativen Ansprechpartner für Störungsmeldungen, Eskalation, Dienstleisterkoordination und Berichtswesen.",translated_draft
hard-fm:PILOT_HU.trustItems.1.title,trustItems.1.title,Prioritásalapú reaktív hibakezelés,Prioritätsbasierte reaktive Störungsbearbeitung,translated_draft
hard-fm:PILOT_HU.trustItems.1.body,trustItems.1.body,"A reaktív feladatok a mobilizáció során egyeztetett prioritási kategóriák szerint kezelhetők, így a sürgős hibák, a rutin feladatok és a tervezett munkák eltérő kezelési úton futnak.","Reaktive Aufgaben können nach den in der Mobilisierung vereinbarten Prioritätskategorien bearbeitet werden, sodass dringende Störungen, Routineaufgaben und geplante Arbeiten über unterschiedliche Bearbeitungswege laufen.",translated_draft
hard-fm:PILOT_HU.trustItems.2.title,trustItems.2.title,Szakcéges koordináció,Koordination von Fachfirmen,translated_draft
hard-fm:PILOT_HU.trustItems.2.body,trustItems.2.body,"A HVAC-, elektromos, vízvezeték- és felülvizsgálati feladatok szakcégek bevonásával is teljesíthetők, az egyeztetett működési modell szerint koordinálva.","HLK-, Elektro-, Sanitär- und Prüfaufgaben können auch unter Einbindung von Fachfirmen erfüllt werden — koordiniert nach dem vereinbarten Betriebsmodell.",translated_draft
hard-fm:PILOT_HU.trustItems.3.title,trustItems.3.title,Dokumentált hibanapló és havi riport,Dokumentiertes Störungsprotokoll und Monatsbericht,translated_draft
hard-fm:PILOT_HU.trustItems.3.body,trustItems.3.body,"A hibabejelentések, beavatkozások, státuszváltozások és lezárások rögzítésre kerülnek, és havi működési riportban összegezhetők.","Störungsmeldungen, Maßnahmen, Statusänderungen und Abschlüsse werden erfasst und können im monatlichen Betriebsbericht zusammengefasst werden.",translated_draft
hard-fm:PILOT_HU.trustItems.4.title,trustItems.4.title,"Kapcsolódás portaszolgálathoz, őrzéshez és Soft FM-hez","Anbindung an Pförtnerdienst, Objektschutz und Soft FM",translated_draft
hard-fm:PILOT_HU.trustItems.4.body,trustItems.4.body,"Ha a Hard FM portaszolgálattal, élőerős őrzéssel vagy Soft FM-mel együtt működik, a riportálás, az eszkaláció és az operatív kapcsolattartási pontok az adott helyszínen összehangolhatók.","Arbeitet Hard FM mit Pförtnerdienst, Objektschutz oder Soft FM zusammen, lassen sich Berichtswesen, Eskalation und operative Kontaktpunkte am jeweiligen Standort aufeinander abstimmen.",translated_draft
hard-fm:hu.serviceDetail.faqEyebrow,faq.eyebrow,GYAKORI KÉRDÉSEK,HÄUFIGE FRAGEN,translated_draft
hard-fm:hu.serviceDetail.faqTitle,faq.title,Mit kérdeznek leggyakrabban,Was am häufigsten gefragt wird,translated_draft
hard-fm:PILOT_HU.faq.0.q,faq.0.q,Mit jelent a Hard FM?,Was bedeutet Hard FM?,translated_draft
hard-fm:PILOT_HU.faq.0.a,faq.0.a,"A Hard FM a helyszínek műszaki üzemeltetésének, karbantartási folyamatainak, hibabejelentéseinek és szolgáltatói egyeztetéseinek koordinált kezelését jelenti. A cél, hogy a műszaki működés átlátható és riportálható legyen.","Hard FM bezeichnet die koordinierte Steuerung des technischen Gebäudebetriebs, der Instandhaltungsprozesse, der Störungsmeldungen und der Dienstleisterabstimmung an den Standorten. Ziel ist ein transparenter und berichtsfähiger technischer Betrieb.",translated_draft
hard-fm:PILOT_HU.faq.1.q,faq.1.q,Miben különbözik a Hard FM a Soft FM-től?,Worin unterscheidet sich Hard FM von Soft FM?,translated_draft
hard-fm:PILOT_HU.faq.1.a,faq.1.a,"A Hard FM elsősorban műszaki, karbantartási és üzemeltetési folyamatokra fókuszál, míg a Soft FM inkább a napi működést támogató szolgáltatásokhoz, például takarításhoz, zöldterülethez vagy operatív támogatáshoz kapcsolódik. A két terület sok helyszínen együtt működik hatékonyan.","Hard FM konzentriert sich vor allem auf technische, Instandhaltungs- und Gebäudebetriebsprozesse, während Soft FM eher die täglichen unterstützenden Leistungen umfasst, etwa Reinigung, Grünflächen oder operative Unterstützung. An vielen Standorten arbeiten beide Bereiche effizient zusammen.",translated_draft
hard-fm:PILOT_HU.faq.2.q,faq.2.q,Kezelhetők hibabejelentések is?,Können auch Störungsmeldungen bearbeitet werden?,translated_draft
hard-fm:PILOT_HU.faq.2.a,faq.2.a,"Igen, a Hard FM része lehet a hibabejelentések fogadási, továbbítási, priorizálási és eszkalációs rendjének kialakítása. A pontos folyamatot a helyszíni igények és a szerződéses keretek alapján érdemes rögzíteni.","Ja, Teil des Hard FM kann die Gestaltung der Annahme, Weiterleitung, Priorisierung und Eskalation von Störungsmeldungen sein. Der genaue Prozess sollte auf Grundlage der Standortanforderungen und der vertraglichen Rahmenbedingungen festgelegt werden.",translated_draft
hard-fm:PILOT_HU.faq.3.q,faq.3.q,Avenir saját maga végez minden műszaki munkát?,Führt Avenir alle technischen Arbeiten selbst aus?,translated_draft
hard-fm:PILOT_HU.faq.3.a,faq.3.a,"A működés a feladat jellegétől és a szerződéses keretektől függ. A Hard FM szolgáltatás része lehet saját koordináció, kijelölt szolgáltatók bevonása, alvállalkozói egyeztetés vagy a megrendelő meglévő partnereinek koordinált kezelése.","Der Betrieb hängt von der Art der Aufgabe und den vertraglichen Rahmenbedingungen ab. Die Hard-FM-Leistung kann eigene Koordination, die Einbindung benannter Dienstleister, die Abstimmung mit Nachunternehmern oder die koordinierte Steuerung der bestehenden Partner des Auftraggebers umfassen.",translated_draft
hard-fm:PILOT_HU.faq.4.q,faq.4.q,Van garantált javítási idő?,Gibt es eine garantierte Reparaturzeit?,translated_draft
hard-fm:PILOT_HU.faq.4.a,faq.4.a,"A javítási vagy reagálási idő a helyszíntől, a feladat típusától, a hozzáférési feltételektől és a szükséges szakcégektől függ. Az Avenir a mobilizáció során prioritási kategóriákat tud meghatározni, hogy a sürgős hibák, a rutin feladatok és a tervezett karbantartás eltérő kezelési úton fusson, de ez nem jelent általános garantált javítási időt.","Die Reparatur- bzw. Reaktionszeit hängt vom Standort, der Aufgabenart, den Zugangsbedingungen und den erforderlichen Fachfirmen ab. Avenir kann in der Mobilisierung Prioritätskategorien festlegen, damit dringende Störungen, Routineaufgaben und geplante Instandhaltung über unterschiedliche Bearbeitungswege laufen — eine allgemeine garantierte Reparaturzeit bedeutet das jedoch nicht.",translated_draft
hard-fm:PILOT_HU.faq.5.q,faq.5.q,Kapunk riportot a műszaki feladatokról?,Erhalten wir einen Bericht über die technischen Aufgaben?,translated_draft
hard-fm:PILOT_HU.faq.5.a,faq.5.a,"Igen, a szolgáltatás része lehet egyeztetett riportálás. A riport tartalmazhatja a hibabejelentéseket, státuszokat, beavatkozásokat, lezárt feladatokat, visszatérő problémákat és fejlesztési javaslatokat.","Ja, Teil der Leistung kann ein vereinbartes Berichtswesen sein. Der Bericht kann Störungsmeldungen, Status, Maßnahmen, abgeschlossene Aufgaben, wiederkehrende Probleme und Verbesserungsvorschläge enthalten.",translated_draft
hard-fm:PILOT_HU.faq.6.q,faq.6.q,Mikor érdemes külön Hard FM folyamatot kialakítani?,Wann lohnt sich ein eigener Hard-FM-Prozess?,translated_draft
hard-fm:PILOT_HU.faq.6.a,faq.6.a,"Dedikált Hard FM folyamatot akkor érdemes kialakítani, ha a műszaki hibák, karbantartási feladatok, szakcégek és riportálás jelenleg eseti módon vagy több, egymástól leváló szolgáltatón keresztül működnek. A dedikált folyamat átláthatóbb hibautat, prioritási kategóriákat, státuszkövetést és riportálási ritmust ad az ügyfélnek.","Ein dedizierter Hard-FM-Prozess lohnt sich, wenn technische Störungen, Instandhaltungsaufgaben, Fachfirmen und Berichtswesen derzeit fallweise oder über mehrere, voneinander getrennte Dienstleister laufen. Der dedizierte Prozess gibt dem Kunden einen transparenteren Störungsweg, Prioritätskategorien, Statusverfolgung und einen festen Berichtsrhythmus.",translated_draft
hard-fm:PILOT_HU.faq.7.q,faq.7.q,Kapcsolódhat a Hard FM biztonsági vagy portaszolgálati működéshez?,Kann Hard FM an Sicherheits- oder Pförtnerprozesse angebunden werden?,translated_draft
hard-fm:PILOT_HU.faq.7.a,faq.7.a,"Igen. Sok helyszínen a porta, objektumőrzés vagy biztonságtechnikai működés észleli először a műszaki problémát. A Hard FM folyamat akkor működik jól, ha a jelzések, felelősök, szolgáltatók és eszkalációs pontok össze vannak hangolva.","Ja. An vielen Standorten erkennt die Pforte, der Objektschutz oder der sicherheitstechnische Betrieb ein technisches Problem zuerst. Der Hard-FM-Prozess funktioniert gut, wenn Meldungen, Verantwortliche, Dienstleister und Eskalationspunkte aufeinander abgestimmt sind.",translated_draft
hard-fm:hu.serviceDetail.relatedEyebrow,related.eyebrow,MÉG AZ AVENIRTŐL,WEITERES VON AVENIR,translated_draft
hard-fm:hu.serviceDetail.relatedTitle,related.title,Kapcsolódó szolgáltatások,Verwandte Leistungen,translated_draft
hard-fm:related.0.soft-fm.nameHu,related.0.title,Soft FM,Soft FM,translated_draft
hard-fm:related.0.soft-fm.shortDescHu,related.0.description,"Soft FM takarítási, kertészeti, higiéniai, hulladékkezelési támogatási és szolgáltatókezelési feladatokra, egyeztetett scope-pal, minőségellenőrzéssel és írásos riportálással.","Soft FM für Reinigung, Grünpflege, Hygiene, Unterstützung bei der Abfallentsorgung und Dienstleistersteuerung, mit vereinbartem Leistungsumfang, Qualitätskontrolle und schriftlichem Berichtswesen.",translated_draft
hard-fm:related.1.biztonsagtechnika.nameHu,related.1.title,Biztonságtechnika,Sicherheitstechnik,translated_draft
hard-fm:related.1.biztonsagtechnika.shortDescHu,related.1.description,"Biztonságtechnika kamerarendszerhez, beléptetéshez és riasztási folyamatokhoz, helyszínre szabott biztonsági modellbe illesztve, adatvédelmi szempontokat beépítő technikai tervezéssel.","Sicherheitstechnik für Kamerasysteme, Zutrittskontrolle und Alarmprozesse, eingebettet in ein standortgerechtes Sicherheitsmodell, mit technischer Planung, die Datenschutzaspekte einbezieht.",translated_draft
hard-fm:related.2.tavfelugyelet-vonuloszolgalat.nameHu,related.2.title,Távfelügyelet és vonulószolgálat,Fernüberwachung und Interventionsdienst,translated_draft
hard-fm:related.2.tavfelugyelet-vonuloszolgalat.shortDescHu,related.2.description,"Távfelügyelet és vonulószolgálat jelzésfogadással, riasztás-verifikációval, eszkalációval, eseménynaplózással és egyeztetett reagálási folyamattal.","Fernüberwachung und Interventionsdienst mit Alarmempfang, Alarmverifikation, Eskalation, Ereignisprotokollierung und abgestimmtem Reaktionsprozess.",translated_draft
hard-fm:related.3.objektumorzes.nameHu,related.3.title,Élőerős objektumőrzés,Objektschutz vor Ort,translated_draft
hard-fm:related.3.objektumorzes.shortDescHu,related.3.description,"Élőerős objektumőrzés beléptetéssel, járőrözéssel, incidenskezeléssel, szolgálati naplóval és egyeztetett eszkalációs renddel.","Objektschutz vor Ort mit Zutrittskontrolle, Kontrollgängen, Vorfallbearbeitung, Dienstbuch und abgestimmter Eskalationsordnung.",translated_draft
hard-fm:serviceDetail.hero.cta,cta.hero,Ajánlatkérés,Angebot anfordern,translated_draft
hard-fm:SERVICE_QUOTE_COPY.hu.button,cta.embedded.collapsedButton,Ajánlatkérés,Angebot anfordern,translated_draft
